date_time,maxtempC,mintempC,totalSnow_cm,sunHour,uvIndex,moon_illumination,moonrise,moonset,sunrise,sunset,DewPointC,FeelsLikeC,HeatIndexC,WindChillC,WindGustKmph,cloudcover,humidity,precipMM,pressure,tempC,visibility,winddirDegree,windspeedKmph,location
2015-01-01 00:00:00,4,-2,0.0,8.7,2,72,03:22 PM,04:49 AM,08:23 AM,05:51 PM,-11,-7,-2,-7,21,6,48,0.0,1024,-2,10,260,11,21651
2015-01-01 12:00:00,4,-2,0.0,8.7,2,72,03:22 PM,04:49 AM,08:23 AM,05:51 PM,-12,-1,4,-1,23,4,31,0.0,1021,4,10,227,18,21651
2015-01-02 00:00:00,7,0,0.0,8.7,2,80,04:08 PM,05:49 AM,08:23 AM,05:52 PM,-5,-5,0,-5,17,14,68,0.0,1021,0,10,243,8,21651
2015-01-02 12:00:00,7,0,0.0,8.7,2,80,04:08 PM,05:49 AM,08:23 AM,05:52 PM,-4,3,7,3,18,6,48,0.0,1026,7,10,285,13,21651
2015-01-03 00:00:00,7,0,0.0,3.5,2,87,04:58 PM,06:43 AM,08:23 AM,05:53 PM,-5,-3,1,-3,10,2,66,0.0,1031,1,10,56,5,21651
2015-01-03 12:00:00,7,0,0.0,3.5,2,87,04:58 PM,06:43 AM,08:23 AM,05:53 PM,3,4,7,4,8,97,75,0.0,1030,7,10,50,5,21651
2015-01-04 00:00:00,16,6,0.0,5.2,3,94,05:51 PM,07:34 AM,08:23 AM,05:54 PM,6,3,6,3,10,88,97,0.0,1019,6,10,250,6,21651
2015-01-04 12:00:00,16,6,0.0,5.2,3,94,05:51 PM,07:34 AM,08:23 AM,05:54 PM,13,12,14,12,21,44,91,0.1,1011,14,10,197,12,21651
2015-01-05 00:00:00,3,-3,0.0,7.0,2,100,06:46 PM,08:19 AM,08:23 AM,05:54 PM,1,0,5,0,45,0,73,0.5,1017,5,10,283,25,21651
2015-01-05 12:00:00,3,-3,0.0,7.0,2,100,06:46 PM,08:19 AM,08:23 AM,05:54 PM,-9,-5,1,-5,39,6,47,0.0,1026,1,10,289,32,21651
2015-01-06 00:00:00,-2,-6,1.7,3.5,2,100,07:42 PM,08:59 AM,08:23 AM,05:55 PM,-17,-8,-4,-8,16,46,35,0.0,1031,-4,10,336,12,21651
2015-01-06 12:00:00,-2,-6,1.7,3.5,2,100,07:42 PM,08:59 AM,08:23 AM,05:55 PM,-5,-6,-2,-6,6,100,78,0.0,1021,-2,10,161,5,21651
2015-01-07 00:00:00,-6,-11,0.0,8.7,2,84,08:38 PM,09:36 AM,08:23 AM,05:56 PM,-8,-12,-6,-12,15,28,84,0.0,1019,-6,10,277,8,21651
2015-01-07 12:00:00,-6,-11,0.0,8.7,2,84,08:38 PM,09:36 AM,08:23 AM,05:56 PM,-13,-15,-6,-15,44,43,55,0.0,1019,-6,10,301,33,21651
2015-01-08 00:00:00,-9,-13,0.0,8.7,2,77,09:34 PM,10:09 AM,08:23 AM,05:57 PM,-16,-22,-13,-22,35,6,80,0.0,1030,-13,10,307,21,21651
2015-01-08 12:00:00,-9,-13,0.0,8.7,2,77,09:34 PM,10:09 AM,08:23 AM,05:57 PM,-15,-18,-10,-18,19,8,67,0.0,1032,-10,10,281,15,21651
2015-01-09 00:00:00,0,-6,0.1,7.0,2,69,10:29 PM,10:40 AM,08:23 AM,05:58 PM,-13,-14,-6,-14,34,45,57,0.0,1023,-6,10,190,19,21651
2015-01-09 12:00:00,0,-6,0.1,7.0,2,69,10:29 PM,10:40 AM,08:23 AM,05:58 PM,-7,-6,0,-6,23,27,58,0.0,1019,0,2,270,16,21651
2015-01-10 00:00:00,-7,-12,0.0,8.7,2,62,11:24 PM,11:10 AM,08:23 AM,05:59 PM,-11,-16,-8,-16,31,0,81,0.0,1028,-8,10,300,17,21651
2015-01-10 12:00:00,-7,-12,0.0,8.7,2,62,11:24 PM,11:10 AM,08:23 AM,05:59 PM,-14,-15,-8,-15,15,0,62,0.0,1036,-8,10,306,12,21651
2015-01-11 00:00:00,2,-8,0.0,9.8,2,55,No moonrise,11:39 AM,08:22 AM,06:00 PM,-14,-12,-8,-12,13,16,61,0.0,1037,-8,10,171,6,21651
2015-01-11 12:00:00,2,-8,0.0,9.8,2,55,No moonrise,11:39 AM,08:22 AM,06:00 PM,-7,-3,2,-3,16,50,52,0.0,1036,2,10,173,12,21651
2015-01-12 00:00:00,3,0,0.0,4.9,1,48,12:19 AM,12:09 PM,08:22 AM,06:01 PM,-4,-4,0,-4,11,64,74,0.0,1033,0,10,170,5,21651
2015-01-12 12:00:00,3,0,0.0,4.9,1,48,12:19 AM,12:09 PM,08:22 AM,06:01 PM,2,-1,3,-1,6,100,98,0.0,1023,3,10,19,4,21651
2015-01-13 00:00:00,-2,-5,0.0,9.8,1,40,01:16 AM,12:40 PM,08:22 AM,06:02 PM,-1,-5,1,-5,18,100,86,0.2,1026,1,9,1,10,21651
2015-01-13 12:00:00,-2,-5,0.0,9.8,1,40,01:16 AM,12:40 PM,08:22 AM,06:02 PM,-10,-10,-3,-10,19,40,58,0.0,1035,-3,10,10,15,21651
2015-01-14 00:00:00,1,-5,0.4,4.9,2,33,02:14 AM,01:15 PM,08:22 AM,06:03 PM,-10,-11,-5,-11,22,10,65,0.0,1033,-5,10,37,15,21651
2015-01-14 12:00:00,1,-5,0.4,4.9,2,33,02:14 AM,01:15 PM,08:22 AM,06:03 PM,-4,-4,1,-4,14,100,70,0.0,1026,1,10,18,11,21651
2015-01-15 00:00:00,2,-2,0.0,9.8,1,26,03:13 AM,01:54 PM,08:21 AM,06:04 PM,-5,-6,-2,-6,11,97,81,0.0,1022,-2,10,344,8,21651
2015-01-15 12:00:00,2,-2,0.0,9.8,1,26,03:13 AM,01:54 PM,08:21 AM,06:04 PM,-8,-3,1,-3,15,3,49,0.0,1020,1,10,284,13,21651
2015-01-16 00:00:00,6,-2,0.0,9.8,2,19,04:13 AM,02:39 PM,08:21 AM,06:05 PM,-2,-5,-0,-5,21,3,86,0.0,1016,-0,10,232,11,21651
2015-01-16 12:00:00,6,-2,0.0,9.8,2,19,04:13 AM,02:39 PM,08:21 AM,06:05 PM,-3,1,6,1,36,9,53,0.0,1016,6,10,293,28,21651
2015-01-17 00:00:00,1,-4,0.0,9.9,2,11,05:14 AM,03:31 PM,08:20 AM,06:06 PM,-12,-10,-4,-10,17,6,52,0.0,1026,-4,10,14,10,21651
2015-01-17 12:00:00,1,-4,0.0,9.9,2,11,05:14 AM,03:31 PM,08:20 AM,06:06 PM,-15,-4,-0,-4,5,7,32,0.0,1029,-0,10,153,4,21651
2015-01-18 00:00:00,5,1,0.0,6.6,2,4,06:13 AM,04:29 PM,08:20 AM,06:07 PM,-1,-4,1,-4,25,0,83,0.0,1022,1,10,164,13,21651
2015-01-18 12:00:00,5,1,0.0,6.6,2,4,06:13 AM,04:29 PM,08:20 AM,06:07 PM,5,2,5,2,9,100,99,14.2,1010,5,5,109,4,21651
2015-01-19 00:00:00,6,1,0.0,9.9,2,0,07:09 AM,05:34 PM,08:20 AM,06:09 PM,-0,-3,2,-3,23,11,87,0.0,1012,2,10,254,11,21651
2015-01-19 12:00:00,6,1,0.0,9.9,2,0,07:09 AM,05:34 PM,08:20 AM,06:09 PM,-2,2,6,2,26,67,57,0.0,1014,6,10,283,20,21651
2015-01-20 00:00:00,7,-0,0.0,9.9,2,0,08:00 AM,06:44 PM,08:19 AM,06:10 PM,-2,-0,0,-0,4,46,85,0.0,1015,0,10,232,2,21651
2015-01-20 12:00:00,7,-0,0.0,9.9,2,0,08:00 AM,06:44 PM,08:19 AM,06:10 PM,-1,7,7,7,2,21,58,0.0,1014,7,10,40,1,21651
2015-01-21 00:00:00,2,-2,0.0,6.6,2,3,08:47 AM,07:56 PM,08:18 AM,06:11 PM,-2,-4,1,-4,15,10,86,0.0,1019,1,10,34,8,21651
2015-01-21 12:00:00,2,-2,0.0,6.6,2,3,08:47 AM,07:56 PM,08:18 AM,06:11 PM,-6,-2,2,-2,11,65,58,0.0,1020,2,10,17,8,21651
2015-01-22 00:00:00,4,-3,0.0,9.9,1,10,09:30 AM,09:08 PM,08:18 AM,06:12 PM,-4,-3,-3,-3,4,37,95,0.0,1022,-3,2,55,2,21651
2015-01-22 12:00:00,4,-3,0.0,9.9,1,10,09:30 AM,09:08 PM,08:18 AM,06:12 PM,2,0,4,0,17,57,84,0.0,1025,4,10,303,12,21651
2015-01-23 00:00:00,3,-3,0.0,8.3,2,18,10:09 AM,10:18 PM,08:17 AM,06:13 PM,-3,-5,-1,-5,11,6,83,0.0,1029,-1,10,339,5,21651
2015-01-23 12:00:00,3,-3,0.0,8.3,2,18,10:09 AM,10:18 PM,08:17 AM,06:13 PM,-3,-0,2,-0,11,7,70,0.0,1025,2,10,171,8,21651
2015-01-24 00:00:00,3,1,0.0,8.3,1,25,10:46 AM,11:28 PM,08:17 AM,06:14 PM,1,-2,1,-2,26,100,97,0.0,1011,1,0,58,17,21651
2015-01-24 12:00:00,3,1,0.0,8.3,1,25,10:46 AM,11:28 PM,08:17 AM,06:14 PM,1,-3,2,-3,20,100,95,0.0,998,2,10,322,13,21651
2015-01-25 00:00:00,8,1,0.0,8.3,3,32,11:24 AM,No moonset,08:16 AM,06:15 PM,-2,-5,1,-5,24,13,81,0.0,1005,1,10,263,12,21651
2015-01-25 12:00:00,8,1,0.0,8.3,3,32,11:24 AM,No moonset,08:16 AM,06:15 PM,2,5,8,5,18,38,63,0.0,1011,8,10,268,14,21651
2015-01-26 00:00:00,1,-3,0.0,5.0,1,39,12:01 PM,12:35 AM,08:15 AM,06:17 PM,0,-3,2,-3,28,100,88,0.0,1012,2,10,72,18,21651
2015-01-26 12:00:00,1,-3,0.0,5.0,1,39,12:01 PM,12:35 AM,08:15 AM,06:17 PM,-1,-6,1,-6,31,100,89,0.3,1008,1,2,36,23,21651
2015-01-27 00:00:00,-1,-4,0.0,8.3,1,47,12:40 PM,01:41 AM,08:14 AM,06:18 PM,-5,-10,-3,-10,24,100,87,0.0,1007,-3,10,351,17,21651
2015-01-27 12:00:00,-1,-4,0.0,8.3,1,47,12:40 PM,01:41 AM,08:14 AM,06:18 PM,-5,-8,-1,-8,27,42,79,0.0,1008,-1,10,334,21,21651
2015-01-28 00:00:00,-1,-8,0.0,10.1,2,54,01:22 PM,02:43 AM,08:14 AM,06:19 PM,-11,-17,-8,-17,36,29,78,0.0,1016,-8,10,333,23,21651
2015-01-28 12:00:00,-1,-8,0.0,10.1,2,54,01:22 PM,02:43 AM,08:14 AM,06:19 PM,-7,-7,-1,-7,29,0,62,0.0,1022,-1,10,333,22,21651
2015-01-29 00:00:00,1,-6,0.0,5.0,2,61,02:07 PM,03:43 AM,08:13 AM,06:20 PM,-8,-10,-5,-10,19,8,78,0.0,1027,-5,10,324,10,21651
2015-01-29 12:00:00,1,-6,0.0,5.0,2,61,02:07 PM,03:43 AM,08:13 AM,06:20 PM,-9,-3,1,-3,12,91,45,0.0,1024,1,10,171,9,21651
2015-01-30 00:00:00,2,-8,0.0,10.0,1,69,02:55 PM,04:38 AM,08:12 AM,06:21 PM,-3,-3,2,-3,19,61,68,0.3,1014,2,5,208,9,21651
2015-01-30 12:00:00,2,-8,0.0,10.0,1,69,02:55 PM,04:38 AM,08:12 AM,06:21 PM,-4,-5,2,-5,38,72,66,0.0,1015,2,10,312,28,21651
2015-01-31 00:00:00,-2,-9,0.0,10.1,2,72,03:46 PM,05:30 AM,08:11 AM,06:22 PM,-16,-20,-9,-20,42,0,61,0.0,1024,-9,10,316,28,21651
2015-01-31 12:00:00,-2,-9,0.0,10.1,2,72,03:46 PM,05:30 AM,08:11 AM,06:22 PM,-12,-12,-4,-12,24,5,53,0.0,1025,-4,10,314,21,21651
2015-02-01 00:00:00,4,-4,0.0,5.1,2,86,04:39 PM,06:16 AM,08:10 AM,06:24 PM,-8,-4,-4,-4,3,3,76,0.0,1026,-4,10,235,2,21651
2015-02-01 12:00:00,4,-4,0.0,5.1,2,86,04:39 PM,06:16 AM,08:10 AM,06:24 PM,-6,0,4,0,8,100,49,0.0,1023,4,10,204,6,21651
2015-02-02 00:00:00,9,-5,0.0,6.7,1,94,05:35 PM,06:58 AM,08:09 AM,06:25 PM,2,-3,3,-3,20,100,95,0.0,1009,3,10,120,12,21651
2015-02-02 12:00:00,9,-5,0.0,6.7,1,94,05:35 PM,06:58 AM,08:09 AM,06:25 PM,2,-1,3,-1,9,79,90,1.9,998,3,9,282,5,21651
2015-02-03 00:00:00,-1,-6,0.0,10.2,2,100,06:30 PM,07:36 AM,08:09 AM,06:26 PM,-11,-12,-5,-12,34,0,63,0.0,1020,-5,10,310,23,21651
2015-02-03 12:00:00,-1,-6,0.0,10.2,2,100,06:30 PM,07:36 AM,08:09 AM,06:26 PM,-15,-7,-2,-7,12,0,35,0.0,1027,-2,10,275,10,21651
2015-02-04 00:00:00,6,-2,0.0,10.2,2,100,07:26 PM,08:10 AM,08:08 AM,06:27 PM,-10,-7,-2,-7,20,46,54,0.0,1027,-2,10,164,12,21651
2015-02-04 12:00:00,6,-2,0.0,10.2,2,100,07:26 PM,08:10 AM,08:08 AM,06:27 PM,-4,2,6,2,19,7,49,0.0,1021,6,10,187,15,21651
2015-02-05 00:00:00,-1,-7,0.0,10.0,2,84,08:21 PM,08:42 AM,08:07 AM,06:28 PM,1,-2,3,-2,21,7,87,0.0,1013,3,10,227,10,21651
2015-02-05 12:00:00,-1,-7,0.0,10.0,2,84,08:21 PM,08:42 AM,08:07 AM,06:28 PM,-12,-12,-3,-12,40,8,50,0.0,1021,-3,10,340,35,21651
2015-02-06 00:00:00,1,-8,0.0,10.2,2,76,09:17 PM,09:13 AM,08:06 AM,06:29 PM,-18,-16,-8,-16,23,0,44,0.0,1027,-8,10,327,17,21651
2015-02-06 12:00:00,1,-8,0.0,10.2,2,76,09:17 PM,09:13 AM,08:06 AM,06:29 PM,-16,-6,0,-6,22,17,28,0.0,1023,0,10,220,19,21651
2015-02-07 00:00:00,6,-2,0.0,10.3,2,69,10:12 PM,09:42 AM,08:05 AM,06:31 PM,-8,-5,-2,-5,2,16,65,0.0,1023,-2,10,307,1,21651
2015-02-07 12:00:00,6,-2,0.0,10.3,2,69,10:12 PM,09:42 AM,08:05 AM,06:31 PM,-7,2,6,2,17,9,40,0.0,1018,6,10,191,14,21651
2015-02-08 00:00:00,9,1,0.0,10.3,3,61,11:07 PM,10:11 AM,08:04 AM,06:32 PM,-2,-1,2,-1,8,15,77,0.0,1015,2,10,186,4,21651
2015-02-08 12:00:00,9,1,0.0,10.3,3,61,11:07 PM,10:11 AM,08:04 AM,06:32 PM,2,9,9,9,7,17,59,0.0,1011,9,10,109,5,21651
2015-02-09 00:00:00,3,-1,0.0,5.2,1,53,No moonrise,10:42 AM,08:02 AM,06:33 PM,2,0,4,0,28,78,90,0.0,1009,4,10,47,16,21651
2015-02-09 12:00:00,3,-1,0.0,5.2,1,53,No moonrise,10:42 AM,08:02 AM,06:33 PM,0,-2,3,-2,21,100,81,0.0,1013,3,10,42,16,21651
2015-02-10 00:00:00,3,-2,2.1,5.2,1,46,12:04 AM,11:15 AM,08:01 AM,06:34 PM,-3,-8,-1,-8,22,100,88,0.5,1015,-1,1,19,16,21651
2015-02-10 12:00:00,3,-2,2.1,5.2,1,46,12:04 AM,11:15 AM,08:01 AM,06:34 PM,-1,-4,2,-4,20,100,79,0.2,1017,2,9,21,15,21651
2015-02-11 00:00:00,4,-3,0.0,10.4,2,38,01:01 AM,11:51 AM,08:00 AM,06:35 PM,-3,-7,-1,-7,22,12,88,0.0,1018,-1,10,350,13,21651
2015-02-11 12:00:00,4,-3,0.0,10.4,2,38,01:01 AM,11:51 AM,08:00 AM,06:35 PM,-7,-2,2,-2,7,16,49,0.0,1018,2,10,47,5,21651
2015-02-12 00:00:00,5,-6,0.0,10.0,2,31,01:59 AM,12:31 PM,07:59 AM,06:36 PM,-3,-5,-0,-5,18,26,83,0.0,1013,-0,10,182,10,21651
2015-02-12 12:00:00,5,-6,0.0,10.0,2,31,01:59 AM,12:31 PM,07:59 AM,06:36 PM,-3,-0,5,-0,26,100,55,0.0,1009,5,10,316,21,21651
2015-02-13 00:00:00,-5,-10,0.0,10.8,2,23,02:58 AM,01:18 PM,07:58 AM,06:38 PM,-18,-22,-10,-22,47,10,51,0.0,1020,-10,10,321,36,21651
2015-02-13 12:00:00,-5,-10,0.0,10.8,2,23,02:58 AM,01:18 PM,07:58 AM,06:38 PM,-19,-14,-6,-14,19,3,34,0.0,1024,-6,10,322,17,21651
2015-02-14 00:00:00,3,-5,0.2,7.0,2,16,03:56 AM,02:11 PM,07:57 AM,06:39 PM,-17,-9,-5,-9,15,45,39,0.0,1021,-5,10,169,9,21651
2015-02-14 12:00:00,3,-5,0.2,7.0,2,16,03:56 AM,02:11 PM,07:57 AM,06:39 PM,-7,-6,0,-6,18,100,57,0.0,1006,0,2,196,15,21651
2015-02-15 00:00:00,-11,-13,0.0,10.8,1,8,04:52 AM,03:12 PM,07:56 AM,06:40 PM,-18,-24,-11,-24,67,44,57,0.8,1007,-11,0,304,49,21651
2015-02-15 12:00:00,-11,-13,0.0,10.8,1,8,04:52 AM,03:12 PM,07:56 AM,06:40 PM,-19,-24,-12,-24,42,8,55,0.0,1019,-12,10,319,37,21651
2015-02-16 00:00:00,-9,-16,2.3,7.0,2,1,05:45 AM,04:17 PM,07:54 AM,06:41 PM,-21,-28,-16,-28,34,9,67,0.0,1027,-16,10,313,23,21651
2015-02-16 12:00:00,-9,-16,2.3,7.0,2,1,05:45 AM,04:17 PM,07:54 AM,06:41 PM,-19,-19,-11,-19,16,80,50,0.0,1025,-11,10,322,13,21651
2015-02-17 00:00:00,-6,-12,4.4,10.9,1,0,06:34 AM,05:28 PM,07:53 AM,06:42 PM,-11,-15,-10,-15,9,100,96,0.4,1017,-10,2,68,6,21651
2015-02-17 12:00:00,-6,-12,4.4,10.9,1,0,06:34 AM,05:28 PM,07:53 AM,06:42 PM,-10,-14,-7,-14,16,7,81,0.0,1013,-7,10,325,12,21651
2015-02-18 00:00:00,-3,-11,0.0,10.1,2,0,07:19 AM,06:41 PM,07:52 AM,06:43 PM,-13,-16,-11,-16,8,56,85,0.0,1016,-11,10,298,4,21651
2015-02-18 12:00:00,-3,-11,0.0,10.1,2,0,07:19 AM,06:41 PM,07:52 AM,06:43 PM,-8,-8,-4,-8,10,3,72,0.0,1010,-4,10,153,8,21651
2015-02-19 00:00:00,-9,-14,0.1,8.5,1,0,08:01 AM,07:54 PM,07:51 AM,06:44 PM,-14,-21,-11,-21,41,23,79,0.1,1013,-11,7,294,22,21651
2015-02-19 12:00:00,-9,-14,0.1,8.5,1,0,08:01 AM,07:54 PM,07:51 AM,06:44 PM,-14,-19,-9,-19,36,100,70,0.0,1016,-9,2,295,27,21651
2015-02-20 00:00:00,-11,-19,0.0,11.0,1,7,08:41 AM,09:07 PM,07:49 AM,06:46 PM,-19,-27,-17,-27,44,21,80,0.0,1024,-17,10,303,26,21651
2015-02-20 12:00:00,-11,-19,0.0,11.0,1,7,08:41 AM,09:07 PM,07:49 AM,06:46 PM,-17,-22,-13,-22,23,12,73,0.0,1030,-13,10,292,18,21651
2015-02-21 00:00:00,-0,-14,3.2,7.0,2,14,09:20 AM,10:18 PM,07:48 AM,06:47 PM,-15,-20,-14,-20,22,9,90,0.0,1033,-14,10,165,10,21651
2015-02-21 12:00:00,-0,-14,3.2,7.0,2,14,09:20 AM,10:18 PM,07:48 AM,06:47 PM,-6,-11,-4,-11,19,100,87,0.0,1028,-4,10,188,13,21651
2015-02-22 00:00:00,2,0,0.0,5.5,1,22,09:58 AM,11:27 PM,07:47 AM,06:48 PM,1,-3,1,-3,12,100,99,1.0,1021,1,9,198,8,21651
2015-02-22 12:00:00,2,0,0.0,5.5,1,22,09:58 AM,11:27 PM,07:47 AM,06:48 PM,1,-1,1,-1,10,100,100,0.0,1022,1,0,67,6,21651
2015-02-23 00:00:00,-4,-11,0.0,11.0,1,29,10:38 AM,No moonset,07:45 AM,06:49 PM,-1,-4,1,-4,25,100,91,0.0,1025,1,10,338,14,21651
2015-02-23 12:00:00,-4,-11,0.0,11.0,1,29,10:38 AM,No moonset,07:45 AM,06:49 PM,-12,-18,-8,-18,31,8,74,0.0,1029,-8,10,344,25,21651
2015-02-24 00:00:00,-5,-14,0.0,10.1,2,37,11:21 AM,12:33 AM,07:44 AM,06:50 PM,-15,-22,-14,-22,20,0,87,0.0,1031,-14,10,2,10,21651
2015-02-24 12:00:00,-5,-14,0.0,10.1,2,37,11:21 AM,12:33 AM,07:44 AM,06:50 PM,-12,-13,-7,-13,11,70,68,0.0,1022,-7,10,163,9,21651
2015-02-25 00:00:00,1,-8,0.0,10.1,2,44,12:05 PM,01:36 AM,07:42 AM,06:51 PM,-9,-13,-8,-13,13,25,93,0.0,1010,-8,10,256,6,21651
2015-02-25 12:00:00,1,-8,0.0,10.1,2,44,12:05 PM,01:36 AM,07:42 AM,06:51 PM,-3,-4,1,-4,18,21,76,0.0,1014,1,10,282,13,21651
2015-02-26 00:00:00,-1,-6,0.8,5.6,1,52,12:53 PM,02:33 AM,07:41 AM,06:52 PM,-4,-4,-1,-4,13,100,82,0.0,1015,-1,10,125,6,21651
2015-02-26 12:00:00,-1,-6,0.8,5.6,1,52,12:53 PM,02:33 AM,07:41 AM,06:52 PM,-4,-10,-3,-10,19,100,90,0.4,1014,-3,2,17,15,21651
2015-02-27 00:00:00,-4,-9,0.3,10.1,1,60,01:43 PM,03:27 AM,07:40 AM,06:53 PM,-8,-8,-7,-8,11,84,94,0.0,1022,-7,10,169,5,21651
2015-02-27 12:00:00,-4,-9,0.3,10.1,1,60,01:43 PM,03:27 AM,07:40 AM,06:53 PM,-7,-11,-5,-11,17,42,80,0.1,1031,-5,7,329,13,21651
2015-02-28 00:00:00,-4,-11,0.0,11.2,2,67,02:36 PM,04:14 AM,07:38 AM,06:54 PM,-13,-19,-10,-19,27,7,82,0.0,1039,-10,10,340,14,21651
2015-02-28 12:00:00,-4,-11,0.0,11.2,2,67,02:36 PM,04:14 AM,07:38 AM,06:54 PM,-12,-10,-6,-10,4,11,65,0.0,1044,-6,10,335,3,21651
2015-03-01 00:00:00,-1,-9,0.0,5.6,2,72,03:30 PM,04:58 AM,07:37 AM,06:56 PM,-12,-13,-9,-13,15,16,81,0.0,1040,-9,10,172,7,21651
2015-03-01 12:00:00,-1,-9,0.0,5.6,2,72,03:30 PM,04:58 AM,07:37 AM,06:56 PM,-3,-8,-2,-8,9,100,95,0.0,1034,-2,10,179,7,21651
2015-03-02 00:00:00,1,-4,0.0,11.2,1,79,04:25 PM,05:37 AM,07:35 AM,06:57 PM,-1,-5,-0,-5,17,100,97,0.2,1022,-0,1,217,11,21651
2015-03-02 12:00:00,1,-4,0.0,11.2,1,79,04:25 PM,05:37 AM,07:35 AM,06:57 PM,-2,-6,0,-6,37,18,82,0.0,1026,0,10,321,23,21651
2015-03-03 00:00:00,1,-7,0.0,7.1,2,86,05:20 PM,06:12 AM,07:34 AM,06:58 PM,-9,-12,-7,-12,10,22,86,0.0,1031,-7,10,317,5,21651
2015-03-03 12:00:00,1,-7,0.0,7.1,2,86,05:20 PM,06:12 AM,07:34 AM,06:58 PM,-4,-6,-1,-6,14,95,82,0.0,1027,-1,10,163,10,21651
2015-03-04 00:00:00,4,2,0.0,5.6,1,94,06:15 PM,06:44 AM,07:32 AM,06:59 PM,3,-2,4,-2,35,100,97,0.9,1011,4,9,215,19,21651
2015-03-04 12:00:00,4,2,0.0,5.6,1,94,06:15 PM,06:44 AM,07:32 AM,06:59 PM,3,3,4,3,15,100,99,0.0,1013,4,0,176,7,21651
2015-03-05 00:00:00,0,-6,8.2,5.8,1,100,07:11 PM,07:15 AM,07:31 AM,07:00 PM,1,-3,2,-3,26,100,94,0.0,1015,2,10,353,14,21651
2015-03-05 12:00:00,0,-6,8.2,5.8,1,100,07:11 PM,07:15 AM,07:31 AM,07:00 PM,-3,-10,-3,-10,26,100,97,0.8,1023,-3,2,5,18,21651
2015-03-06 00:00:00,-4,-12,0.0,11.6,2,100,08:06 PM,07:45 AM,07:29 AM,07:01 PM,-12,-18,-9,-18,35,1,78,0.0,1032,-9,10,338,22,21651
2015-03-06 12:00:00,-4,-12,0.0,11.6,2,100,08:06 PM,07:45 AM,07:29 AM,07:01 PM,-13,-12,-5,-12,8,0,55,0.0,1035,-5,10,358,7,21651
2015-03-07 00:00:00,2,-10,0.0,11.6,2,84,09:02 PM,08:14 AM,07:28 AM,07:02 PM,-13,-15,-10,-15,16,0,78,0.0,1030,-10,10,234,8,21651
2015-03-07 12:00:00,2,-10,0.0,11.6,2,84,09:02 PM,08:14 AM,07:28 AM,07:02 PM,-3,-6,-0,-6,21,17,81,0.0,1025,-0,10,193,14,21651
2015-03-08 00:00:00,7,1,0.0,11.6,1,77,09:58 PM,08:45 AM,07:26 AM,07:03 PM,1,-3,2,-3,23,92,93,0.0,1020,2,10,234,11,21651
2015-03-08 12:00:00,7,1,0.0,11.6,1,77,09:58 PM,08:45 AM,07:26 AM,07:03 PM,4,3,7,3,31,6,82,0.0,1022,7,10,287,19,21651
2015-03-09 00:00:00,10,1,0.0,11.6,3,70,10:54 PM,09:17 AM,07:25 AM,07:04 PM,-1,-1,2,-1,11,49,85,0.0,1021,2,10,194,5,21651
2015-03-09 12:00:00,10,1,0.0,11.6,3,70,10:54 PM,09:17 AM,07:25 AM,07:04 PM,4,8,9,8,10,6,74,0.0,1023,9,10,310,6,21651
2015-03-10 00:00:00,10,3,0.0,8.8,3,63,11:51 PM,09:52 AM,07:23 AM,07:05 PM,1,2,4,2,20,19,79,0.0,1025,4,10,62,10,21651
2015-03-10 12:00:00,10,3,0.0,8.8,3,63,11:51 PM,09:52 AM,07:23 AM,07:05 PM,3,8,10,8,17,44,63,0.0,1020,10,10,220,13,21651
2015-03-11 00:00:00,12,4,0.0,8.8,3,55,No moonrise,10:30 AM,07:22 AM,07:06 PM,3,3,5,3,18,43,84,0.0,1018,5,7,191,10,21651
2015-03-11 12:00:00,12,4,0.0,8.8,3,55,No moonrise,10:30 AM,07:22 AM,07:06 PM,4,10,12,10,15,50,61,0.0,1018,12,10,233,11,21651
2015-03-12 00:00:00,10,4,0.0,7.4,3,48,12:48 AM,11:13 AM,07:20 AM,07:07 PM,2,3,5,3,22,43,80,0.0,1018,5,10,180,12,21651
2015-03-12 12:00:00,10,4,0.0,7.4,3,48,12:48 AM,11:13 AM,07:20 AM,07:07 PM,3,8,10,8,21,63,63,0.0,1015,10,10,212,15,21651
2015-03-13 00:00:00,9,4,0.0,8.8,2,41,01:45 AM,12:02 PM,07:18 AM,07:08 PM,2,2,4,2,24,58,82,0.0,1016,4,9,217,14,21651
2015-03-13 12:00:00,9,4,0.0,8.8,2,41,01:45 AM,12:02 PM,07:18 AM,07:08 PM,1,6,9,6,22,50,60,0.0,1016,9,10,192,17,21651
2015-03-14 00:00:00,9,4,0.0,11.6,3,34,02:40 AM,12:57 PM,07:17 AM,07:09 PM,1,1,4,1,20,41,85,0.0,1016,4,10,175,12,21651
2015-03-14 12:00:00,9,4,0.0,11.6,3,34,02:40 AM,12:57 PM,07:17 AM,07:09 PM,1,6,9,6,21,48,62,0.0,1013,9,10,200,17,21651
2015-03-15 00:00:00,10,4,0.0,11.6,2,26,03:33 AM,01:58 PM,07:15 AM,07:10 PM,2,2,4,2,20,61,84,0.0,1014,4,10,187,11,21651
2015-03-15 12:00:00,10,4,0.0,11.6,2,26,03:33 AM,01:58 PM,07:15 AM,07:10 PM,3,8,9,8,20,58,65,0.0,1014,9,10,229,16,21651
2015-03-16 00:00:00,10,4,0.0,7.4,2,19,04:22 AM,03:04 PM,07:14 AM,07:11 PM,2,2,4,2,16,57,88,0.0,1015,4,9,172,9,21651
2015-03-16 12:00:00,10,4,0.0,7.4,2,19,04:22 AM,03:04 PM,07:14 AM,07:11 PM,3,8,10,8,17,64,65,0.0,1017,10,10,191,13,21651
2015-03-17 00:00:00,10,3,0.0,8.8,3,12,05:08 AM,04:14 PM,07:12 AM,07:12 PM,1,1,3,1,18,32,86,0.0,1020,3,8,213,10,21651
2015-03-17 12:00:00,10,3,0.0,8.8,3,12,05:08 AM,04:14 PM,07:12 AM,07:12 PM,2,8,10,8,11,39,59,0.0,1021,10,10,164,9,21651
2015-03-18 00:00:00,12,4,0.0,8.8,3,4,05:50 AM,05:26 PM,07:11 AM,07:13 PM,1,2,5,2,18,44,81,0.0,1021,5,9,179,9,21651
2015-03-18 12:00:00,12,4,0.0,8.8,3,4,05:50 AM,05:26 PM,07:11 AM,07:13 PM,5,10,12,10,16,40,65,0.0,1019,12,10,204,12,21651
2015-03-19 00:00:00,7,2,0.0,11.6,1,0,06:31 AM,06:39 PM,07:09 AM,07:14 PM,3,4,6,4,25,80,81,0.0,1019,6,9,158,14,21651
2015-03-19 12:00:00,7,2,0.0,11.6,1,0,06:31 AM,06:39 PM,07:09 AM,07:14 PM,-8,5,6,5,6,36,34,0.0,1027,6,10,2,5,21651
2015-03-20 00:00:00,2,1,0.0,6.0,1,0,07:10 AM,07:52 PM,07:07 AM,07:15 PM,-2,-0,2,-0,16,96,76,0.0,1026,2,10,126,8,21651
2015-03-20 12:00:00,2,1,0.0,6.0,1,0,07:10 AM,07:52 PM,07:07 AM,07:15 PM,1,-4,1,-4,27,100,100,0.6,1021,1,2,21,18,21651
2015-03-21 00:00:00,11,-1,0.0,8.8,2,3,07:50 AM,09:04 PM,07:06 AM,07:16 PM,-1,-4,0,-4,14,93,91,0.0,1020,0,10,357,9,21651
2015-03-21 12:00:00,11,-1,0.0,8.8,2,3,07:50 AM,09:04 PM,07:06 AM,07:16 PM,4,6,9,6,13,7,72,0.0,1017,9,10,213,10,21651
2015-03-22 00:00:00,8,0,0.0,11.6,2,10,08:30 AM,10:13 PM,07:04 AM,07:17 PM,2,1,5,1,22,17,81,0.1,1018,5,10,340,11,21651
2015-03-22 12:00:00,8,0,0.0,11.6,2,10,08:30 AM,10:13 PM,07:04 AM,07:17 PM,-5,0,5,0,19,5,50,0.0,1021,5,10,328,16,21651
2015-03-23 00:00:00,6,-2,0.0,11.6,1,17,09:13 AM,11:20 PM,07:03 AM,07:18 PM,-7,-6,0,-6,21,84,61,0.0,1024,0,10,10,12,21651
2015-03-23 12:00:00,6,-2,0.0,11.6,1,17,09:13 AM,11:20 PM,07:03 AM,07:18 PM,-10,1,4,1,9,6,34,0.0,1025,4,10,328,8,21651
2015-03-24 00:00:00,5,0,0.0,8.8,1,24,09:58 AM,No moonset,07:01 AM,07:19 PM,-6,-3,1,-3,12,65,56,0.0,1025,1,10,76,7,21651
2015-03-24 12:00:00,5,0,0.0,8.8,1,24,09:58 AM,No moonset,07:01 AM,07:19 PM,-6,3,4,3,8,94,47,0.0,1028,4,10,9,6,21651
2015-03-25 00:00:00,8,0,0.0,6.3,3,32,10:46 AM,12:22 AM,06:59 AM,07:20 PM,-6,-2,0,-2,7,13,61,0.0,1029,0,10,95,3,21651
2015-03-25 12:00:00,8,0,0.0,6.3,3,32,10:46 AM,12:22 AM,06:59 AM,07:20 PM,-0,5,8,5,9,100,57,0.0,1027,8,10,141,7,21651
2015-03-26 00:00:00,20,7,0.0,9.0,4,39,11:37 AM,01:19 AM,06:58 AM,07:21 PM,7,5,7,5,10,100,96,0.4,1019,7,2,171,5,21651
2015-03-26 12:00:00,20,7,0.0,9.0,4,39,11:37 AM,01:19 AM,06:58 AM,07:21 PM,15,17,17,17,30,100,90,2.9,1007,17,7,176,18,21651
2015-03-27 00:00:00,8,4,0.0,6.3,2,46,12:30 PM,02:10 AM,06:56 AM,07:22 PM,5,2,7,2,31,73,86,0.0,1008,7,10,337,21,21651
2015-03-27 12:00:00,8,4,0.0,6.3,2,46,12:30 PM,02:10 AM,06:56 AM,07:22 PM,1,3,6,3,15,90,70,1.2,1009,6,9,349,12,21651
2015-03-28 00:00:00,3,-1,0.0,6.3,2,54,01:24 PM,02:55 AM,06:54 AM,07:23 PM,-3,-4,2,-4,35,49,72,0.0,1011,2,10,336,21,21651
2015-03-28 12:00:00,3,-1,0.0,6.3,2,54,01:24 PM,02:55 AM,06:54 AM,07:23 PM,-8,-3,3,-3,30,67,46,0.1,1014,3,2,314,26,21651
2015-03-29 00:00:00,6,-3,0.0,11.6,1,61,02:19 PM,03:36 AM,06:53 AM,07:24 PM,-10,-10,-3,-10,25,17,57,0.0,1024,-3,10,325,16,21651
2015-03-29 12:00:00,6,-3,0.0,11.6,1,61,02:19 PM,03:36 AM,06:53 AM,07:24 PM,-12,2,5,2,12,0,27,0.0,1027,5,10,311,11,21651
2015-03-30 00:00:00,13,3,0.0,11.6,2,68,03:14 PM,04:12 AM,06:51 AM,07:25 PM,-5,-2,3,-2,27,93,54,0.0,1020,3,10,185,15,21651
2015-03-30 12:00:00,13,3,0.0,11.6,2,68,03:14 PM,04:12 AM,06:51 AM,07:25 PM,4,10,13,10,25,50,56,0.0,1012,13,10,276,21,21651
2015-03-31 00:00:00,16,4,0.0,11.6,4,72,04:09 PM,04:46 AM,06:50 AM,07:26 PM,2,1,5,1,25,8,79,0.0,1014,5,10,240,12,21651
2015-03-31 12:00:00,16,4,0.0,11.6,4,72,04:09 PM,04:46 AM,06:50 AM,07:26 PM,4,16,16,16,39,27,45,0.0,1006,16,10,190,30,21651
2015-04-01 00:00:00,12,2,0.0,11.6,3,86,05:05 PM,05:18 AM,06:48 AM,07:27 PM,0,-3,3,-3,31,0,83,0.0,1013,3,10,346,18,21651
2015-04-01 12:00:00,12,2,0.0,11.6,3,86,05:05 PM,05:18 AM,06:48 AM,07:27 PM,0,8,10,8,18,1,50,0.0,1021,10,10,315,16,21651
2015-04-02 00:00:00,17,4,0.0,9.0,4,93,06:00 PM,05:48 AM,06:47 AM,07:28 PM,-1,3,5,3,25,22,65,0.0,1025,5,10,207,12,21651
2015-04-02 12:00:00,17,4,0.0,9.0,4,93,06:00 PM,05:48 AM,06:47 AM,07:28 PM,4,15,15,15,37,91,48,0.0,1021,15,10,193,31,21651
2015-04-03 00:00:00,19,15,0.0,7.7,5,100,06:55 PM,06:17 AM,06:45 AM,07:29 PM,11,13,15,13,44,60,79,0.0,1014,15,10,219,22,21651
2015-04-03 12:00:00,19,15,0.0,7.7,5,100,06:55 PM,06:17 AM,06:45 AM,07:29 PM,16,19,19,19,24,100,81,0.0,1010,19,10,208,17,21651
2015-04-04 00:00:00,12,7,0.0,11.6,2,100,07:52 PM,06:47 AM,06:43 AM,07:30 PM,14,16,16,16,52,62,85,1.5,1002,16,10,214,26,21651
2015-04-04 12:00:00,12,7,0.0,11.6,2,100,07:52 PM,06:47 AM,06:43 AM,07:30 PM,-0,8,12,8,41,0,44,0.0,1017,12,10,313,36,21651
2015-04-05 00:00:00,16,5,0.0,11.6,4,84,08:49 PM,07:19 AM,06:42 AM,07:31 PM,-2,2,5,2,26,4,62,0.0,1025,5,10,236,12,21651
2015-04-05 12:00:00,16,5,0.0,11.6,4,84,08:49 PM,07:19 AM,06:42 AM,07:31 PM,2,15,15,15,32,27,40,0.0,1024,15,10,212,28,21651
2015-04-06 00:00:00,20,8,0.0,11.6,5,77,09:46 PM,07:53 AM,06:40 AM,07:32 PM,5,6,9,6,25,5,76,0.0,1025,9,10,198,12,21651
2015-04-06 12:00:00,20,8,0.0,11.6,5,77,09:46 PM,07:53 AM,06:40 AM,07:32 PM,9,19,19,19,28,1,51,0.0,1024,19,10,187,23,21651
2015-04-07 00:00:00,22,11,0.0,9.0,4,69,10:43 PM,08:30 AM,06:39 AM,07:33 PM,11,12,14,12,39,31,81,0.0,1021,14,9,198,19,21651
2015-04-07 12:00:00,22,11,0.0,9.0,4,69,10:43 PM,08:30 AM,06:39 AM,07:33 PM,16,22,25,22,18,33,67,0.0,1020,22,10,170,16,21651
2015-04-08 00:00:00,9,5,0.0,6.5,2,61,11:41 PM,09:12 AM,06:37 AM,07:34 PM,7,5,8,5,32,100,90,0.0,1023,8,10,65,23,21651
2015-04-08 12:00:00,9,5,0.0,6.5,2,61,11:41 PM,09:12 AM,06:37 AM,07:34 PM,6,5,8,5,27,100,86,0.0,1025,8,10,50,20,21651
2015-04-09 00:00:00,8,5,0.0,6.5,2,54,No moonrise,09:59 AM,06:36 AM,07:35 PM,3,2,5,2,12,78,89,0.0,1023,5,10,7,8,21651
2015-04-09 12:00:00,8,5,0.0,6.5,2,54,No moonrise,09:59 AM,06:36 AM,07:35 PM,5,6,8,6,12,100,79,0.0,1025,8,10,97,10,21651
2015-04-10 00:00:00,18,6,0.0,9.1,3,46,12:35 AM,10:51 AM,06:34 AM,07:36 PM,5,3,6,3,12,100,92,0.0,1021,6,10,96,9,21651
2015-04-10 12:00:00,18,6,0.0,9.1,3,46,12:35 AM,10:51 AM,06:34 AM,07:36 PM,14,18,18,18,15,69,74,0.0,1011,18,10,177,13,21651
2015-04-11 00:00:00,16,9,0.0,11.6,3,39,01:28 AM,11:48 AM,06:33 AM,07:37 PM,8,8,11,8,25,81,85,0.0,1014,11,10,328,12,21651
2015-04-11 12:00:00,16,9,0.0,11.6,3,39,01:28 AM,11:48 AM,06:33 AM,07:37 PM,3,12,14,12,27,0,47,0.0,1020,14,10,310,23,21651
2015-04-12 00:00:00,17,6,0.0,11.6,4,31,02:16 AM,12:50 PM,06:31 AM,07:38 PM,2,5,7,5,12,0,71,0.0,1025,7,10,337,6,21651
2015-04-12 12:00:00,17,6,0.0,11.6,4,31,02:16 AM,12:50 PM,06:31 AM,07:38 PM,1,16,16,16,6,11,36,0.0,1028,16,10,214,5,21651
2015-04-13 00:00:00,16,9,0.0,10.3,4,24,03:01 AM,01:56 PM,06:30 AM,07:39 PM,6,8,10,8,24,26,76,0.0,1018,10,10,203,13,21651
2015-04-13 12:00:00,16,9,0.0,10.3,4,24,03:01 AM,01:56 PM,06:30 AM,07:39 PM,7,15,16,15,15,49,58,0.0,1019,16,10,243,12,21651
2015-04-14 00:00:00,17,9,0.0,9.1,4,16,03:44 AM,03:05 PM,06:28 AM,07:40 PM,7,8,9,8,20,47,85,0.0,1020,9,7,120,11,21651
2015-04-14 12:00:00,17,9,0.0,9.1,4,16,03:44 AM,03:05 PM,06:28 AM,07:40 PM,8,17,18,17,17,28,56,0.0,1020,17,10,209,13,21651
2015-04-15 00:00:00,16,11,0.0,10.3,4,9,04:23 AM,04:15 PM,06:27 AM,07:41 PM,8,10,11,10,22,48,83,0.0,1020,11,10,123,12,21651
2015-04-15 12:00:00,16,11,0.0,10.3,4,9,04:23 AM,04:15 PM,06:27 AM,07:41 PM,10,15,16,15,20,56,69,0.0,1020,16,10,133,15,21651
2015-04-16 00:00:00,15,10,0.0,11.6,3,1,05:02 AM,05:27 PM,06:25 AM,07:42 PM,4,10,11,10,21,83,63,0.0,1028,11,10,24,10,21651
2015-04-16 12:00:00,15,10,0.0,11.6,3,1,05:02 AM,05:27 PM,06:25 AM,07:42 PM,7,11,12,11,23,26,69,0.0,1029,12,10,106,14,21651
2015-04-17 00:00:00,22,13,0.0,10.3,4,0,05:41 AM,06:38 PM,06:24 AM,07:43 PM,11,11,13,11,13,99,87,0.0,1023,13,10,189,7,21651
2015-04-17 12:00:00,22,13,0.0,10.3,4,0,05:41 AM,06:38 PM,06:24 AM,07:43 PM,16,25,25,22,10,57,66,0.0,1016,22,10,211,8,21651
2015-04-18 00:00:00,24,13,0.0,11.6,5,0,06:20 AM,07:49 PM,06:22 AM,07:44 PM,13,16,16,16,22,21,87,0.2,1015,16,9,348,10,21651
2015-04-18 12:00:00,24,13,0.0,11.6,5,0,06:20 AM,07:49 PM,06:22 AM,07:44 PM,10,25,25,24,2,3,40,0.0,1015,24,10,220,2,21651
2015-04-19 00:00:00,17,11,0.0,10.4,4,0,07:02 AM,08:58 PM,06:21 AM,07:45 PM,7,15,15,15,32,14,58,0.0,1019,15,10,54,16,21651
2015-04-19 12:00:00,17,11,0.0,10.4,4,0,07:02 AM,08:58 PM,06:21 AM,07:45 PM,6,17,17,17,26,7,49,0.0,1021,17,10,99,23,21651
2015-04-20 00:00:00,24,14,0.0,10.4,5,6,07:47 AM,10:04 PM,06:19 AM,07:46 PM,12,11,14,11,51,100,88,0.0,1011,14,10,99,32,21651
2015-04-20 12:00:00,24,14,0.0,10.4,5,6,07:47 AM,10:04 PM,06:19 AM,07:46 PM,17,25,25,22,14,53,74,0.1,1003,22,10,165,12,21651
2015-04-21 00:00:00,17,13,0.0,10.4,4,14,08:35 AM,11:05 PM,06:18 AM,07:47 PM,15,17,17,17,17,46,86,1.5,1001,17,10,238,9,21651
2015-04-21 12:00:00,17,13,0.0,10.4,4,14,08:35 AM,11:05 PM,06:18 AM,07:47 PM,5,17,17,17,31,7,45,0.0,1008,17,10,273,27,21651
2015-04-22 00:00:00,20,9,0.0,11.6,5,21,09:26 AM,No moonset,06:17 AM,07:48 PM,5,9,11,9,12,0,66,0.0,1010,11,10,236,6,21651
2015-04-22 12:00:00,20,9,0.0,11.6,5,21,09:26 AM,No moonset,06:17 AM,07:48 PM,8,20,20,20,34,19,44,0.0,1003,20,10,221,28,21651
2015-04-23 00:00:00,11,5,0.0,7.9,3,29,10:19 AM,12:01 AM,06:15 AM,07:49 PM,1,2,6,2,35,2,68,0.0,1010,6,10,319,19,21651
2015-04-23 12:00:00,11,5,0.0,7.9,3,29,10:19 AM,12:01 AM,06:15 AM,07:49 PM,-0,8,11,8,29,51,46,0.0,1009,11,10,286,25,21651
2015-04-24 00:00:00,13,2,0.0,11.6,3,36,11:15 AM,12:50 AM,06:14 AM,07:50 PM,-4,-1,3,-1,31,11,60,0.0,1015,3,10,310,18,21651
2015-04-24 12:00:00,13,2,0.0,11.6,3,36,11:15 AM,12:50 AM,06:14 AM,07:50 PM,-2,8,11,8,29,17,39,0.0,1014,11,10,300,26,21651
2015-04-25 00:00:00,11,3,0.0,9.1,3,44,12:10 PM,01:34 AM,06:13 AM,07:51 PM,-4,0,4,0,13,10,55,0.0,1016,4,10,11,6,21651
2015-04-25 12:00:00,11,3,0.0,9.1,3,44,12:10 PM,01:34 AM,06:13 AM,07:51 PM,-3,9,10,9,9,67,41,0.0,1012,10,10,242,7,21651
2015-04-26 00:00:00,16,7,0.0,11.6,3,52,01:06 PM,02:12 AM,06:11 AM,07:52 PM,5,5,7,5,9,100,91,0.3,1006,7,2,302,6,21651
2015-04-26 12:00:00,16,7,0.0,11.6,3,52,01:06 PM,02:12 AM,06:11 AM,07:52 PM,2,16,16,16,6,52,39,0.0,1005,16,10,339,5,21651
2015-04-27 00:00:00,15,8,0.0,10.4,4,59,02:02 PM,02:47 AM,06:10 AM,07:53 PM,2,6,8,6,17,25,66,0.0,1007,8,10,23,8,21651
2015-04-27 12:00:00,15,8,0.0,10.4,4,59,02:02 PM,02:47 AM,06:10 AM,07:53 PM,4,13,15,13,29,65,49,0.0,1008,15,10,300,25,21651
2015-04-28 00:00:00,18,11,0.0,10.4,5,67,02:57 PM,03:19 AM,06:09 AM,07:54 PM,9,11,12,11,20,19,85,0.0,1016,12,10,198,10,21651
2015-04-28 12:00:00,18,11,0.0,10.4,5,67,02:57 PM,03:19 AM,06:09 AM,07:54 PM,10,18,19,18,17,40,61,0.0,1015,18,9,199,12,21651
2015-04-29 00:00:00,22,10,0.0,11.6,5,74,03:52 PM,03:49 AM,06:08 AM,07:55 PM,8,9,11,9,18,6,84,0.0,1010,11,10,318,9,21651
2015-04-29 12:00:00,22,10,0.0,11.6,5,74,03:52 PM,03:49 AM,06:08 AM,07:55 PM,8,21,24,21,8,28,42,0.0,1007,21,10,283,7,21651
2015-04-30 00:00:00,20,12,0.0,9.2,5,82,04:47 PM,04:19 AM,06:06 AM,07:56 PM,9,12,13,12,18,12,78,0.0,1005,13,10,215,9,21651
2015-04-30 12:00:00,20,12,0.0,9.2,5,82,04:47 PM,04:19 AM,06:06 AM,07:56 PM,11,20,20,20,12,74,56,0.0,1007,20,10,76,10,21651
2015-05-01 00:00:00,15,9,0.0,9.2,4,86,05:44 PM,04:49 AM,06:05 AM,07:57 PM,10,9,11,9,18,47,90,0.0,1011,11,10,52,11,21651
2015-05-01 12:00:00,15,9,0.0,9.2,4,86,05:44 PM,04:49 AM,06:05 AM,07:57 PM,7,13,14,13,8,70,62,0.0,1015,14,10,10,6,21651
2015-05-02 00:00:00,21,6,0.0,11.6,4,93,06:41 PM,05:20 AM,06:04 AM,07:57 PM,6,6,8,6,9,87,90,0.0,1016,8,10,142,4,21651
2015-05-02 12:00:00,21,6,0.0,11.6,4,93,06:41 PM,05:20 AM,06:04 AM,07:57 PM,10,19,19,19,4,44,53,0.0,1016,19,10,130,3,21651
2015-05-03 00:00:00,24,14,0.0,11.6,6,100,07:39 PM,05:53 AM,06:03 AM,07:58 PM,10,15,15,15,17,25,69,0.0,1017,15,10,178,9,21651
2015-05-03 12:00:00,24,14,0.0,11.6,6,100,07:39 PM,05:53 AM,06:03 AM,07:58 PM,7,25,25,24,2,5,34,0.0,1020,24,10,279,2,21651
2015-05-04 00:00:00,28,16,0.0,11.6,6,100,08:37 PM,06:29 AM,06:02 AM,07:59 PM,9,17,17,17,15,12,62,0.0,1021,17,10,211,7,21651
2015-05-04 12:00:00,28,16,0.0,11.6,6,100,08:37 PM,06:29 AM,06:02 AM,07:59 PM,10,27,27,28,23,6,33,0.0,1023,28,10,198,19,21651
2015-05-05 00:00:00,27,17,0.0,14.0,6,85,09:35 PM,07:10 AM,06:00 AM,08:00 PM,13,18,18,18,29,16,73,0.0,1023,18,10,208,14,21651
2015-05-05 12:00:00,27,17,0.0,14.0,6,85,09:35 PM,07:10 AM,06:00 AM,08:00 PM,16,27,27,27,5,19,50,0.0,1023,27,10,144,4,21651
2015-05-06 00:00:00,26,16,0.0,14.4,6,78,10:31 PM,07:56 AM,05:59 AM,08:01 PM,16,18,18,18,23,26,88,0.0,1023,18,10,256,11,21651
2015-05-06 12:00:00,26,16,0.0,14.4,6,78,10:31 PM,07:56 AM,05:59 AM,08:01 PM,16,27,27,26,13,11,57,0.0,1023,26,10,78,11,21651
2015-05-07 00:00:00,25,14,0.0,14.4,6,70,11:25 PM,08:46 AM,05:58 AM,08:02 PM,12,13,14,13,9,32,87,0.0,1023,14,10,97,5,21651
2015-05-07 12:00:00,25,14,0.0,14.4,6,70,11:25 PM,08:46 AM,05:58 AM,08:02 PM,14,25,25,24,5,13,52,0.0,1022,24,10,109,4,21651
2015-05-08 00:00:00,26,13,0.0,14.5,6,63,No moonrise,09:43 AM,05:57 AM,08:03 PM,12,14,15,14,11,0,86,0.0,1021,15,10,173,5,21651
2015-05-08 12:00:00,26,13,0.0,14.5,6,63,No moonrise,09:43 AM,05:57 AM,08:03 PM,16,27,27,26,10,9,54,0.0,1021,26,10,134,8,21651
2015-05-09 00:00:00,26,15,0.0,12.3,5,56,12:15 AM,10:43 AM,05:56 AM,08:04 PM,14,15,15,15,8,16,94,0.0,1022,15,2,130,4,21651
2015-05-09 12:00:00,26,15,0.0,12.3,5,56,12:15 AM,10:43 AM,05:56 AM,08:04 PM,18,27,27,25,4,57,63,0.0,1024,25,10,28,4,21651
2015-05-10 00:00:00,28,16,0.0,14.5,6,49,01:01 AM,11:47 AM,05:55 AM,08:05 PM,17,17,17,17,16,24,96,0.0,1023,17,10,154,8,21651
2015-05-10 12:00:00,28,16,0.0,14.5,6,49,01:01 AM,11:47 AM,05:55 AM,08:05 PM,18,29,29,28,13,10,57,0.0,1022,28,10,211,10,21651
2015-05-11 00:00:00,27,18,0.0,12.3,6,41,01:43 AM,12:53 PM,05:54 AM,08:06 PM,18,19,19,19,18,16,94,0.0,1020,19,10,169,9,21651
2015-05-11 12:00:00,27,18,0.0,12.3,6,41,01:43 AM,12:53 PM,05:54 AM,08:06 PM,20,29,29,27,15,81,64,1.6,1017,27,10,156,12,21651
2015-05-12 00:00:00,29,19,0.0,14.5,7,34,02:22 AM,02:01 PM,05:53 AM,08:07 PM,17,19,19,19,10,11,92,0.0,1014,19,10,230,5,21651
2015-05-12 12:00:00,29,19,0.0,14.5,7,34,02:22 AM,02:01 PM,05:53 AM,08:07 PM,16,29,29,29,22,9,45,0.0,1012,29,10,247,19,21651
2015-05-13 00:00:00,19,13,0.0,13.4,5,27,03:00 AM,03:10 PM,05:52 AM,08:08 PM,9,16,16,16,40,32,60,0.0,1017,16,10,325,22,21651
2015-05-13 12:00:00,19,13,0.0,13.4,5,27,03:00 AM,03:10 PM,05:52 AM,08:08 PM,8,19,19,19,25,50,50,0.0,1021,19,10,315,22,21651
2015-05-14 00:00:00,20,10,0.0,14.5,5,19,03:37 AM,04:18 PM,05:51 AM,08:09 PM,5,9,11,9,31,4,66,0.0,1027,11,10,350,17,21651
2015-05-14 12:00:00,20,10,0.0,14.5,5,19,03:37 AM,04:18 PM,05:51 AM,08:09 PM,4,19,19,19,2,16,39,0.0,1030,19,10,109,1,21651
2015-05-15 00:00:00,22,12,0.0,14.5,5,12,04:15 AM,05:28 PM,05:50 AM,08:10 PM,7,10,12,10,21,9,74,0.0,1027,12,10,200,10,21651
2015-05-15 12:00:00,22,12,0.0,14.5,5,12,04:15 AM,05:28 PM,05:50 AM,08:10 PM,9,24,24,22,15,10,43,0.0,1025,22,10,195,13,21651
2015-05-16 00:00:00,28,16,0.0,13.4,6,5,04:54 AM,06:37 PM,05:49 AM,08:11 PM,14,16,16,16,22,43,89,0.0,1022,16,10,179,11,21651
2015-05-16 12:00:00,28,16,0.0,13.4,6,5,04:54 AM,06:37 PM,05:49 AM,08:11 PM,19,29,29,27,15,8,59,0.0,1020,27,10,183,13,21651
2015-05-17 00:00:00,26,19,0.0,12.4,5,0,05:37 AM,07:45 PM,05:49 AM,08:11 PM,19,19,19,19,9,100,96,0.0,1021,19,2,239,5,21651
2015-05-17 12:00:00,26,19,0.0,12.4,5,0,05:37 AM,07:45 PM,05:49 AM,08:11 PM,21,26,26,24,7,54,80,0.0,1021,24,10,230,6,21651
2015-05-18 00:00:00,28,19,0.0,13.4,7,0,06:22 AM,08:48 PM,05:48 AM,08:12 PM,18,20,20,20,12,18,90,0.0,1019,20,10,230,6,21651
2015-05-18 12:00:00,28,19,0.0,13.4,7,0,06:22 AM,08:48 PM,05:48 AM,08:12 PM,21,30,30,28,11,31,64,2.7,1018,28,7,115,9,21651
2015-05-19 00:00:00,28,18,0.0,12.4,5,2,07:12 AM,09:47 PM,05:47 AM,08:13 PM,17,18,18,18,7,81,95,0.0,1016,18,2,59,5,21651
2015-05-19 12:00:00,28,18,0.0,12.4,5,2,07:12 AM,09:47 PM,05:47 AM,08:13 PM,20,28,28,27,10,32,67,0.0,1012,27,10,262,8,21651
2015-05-20 00:00:00,19,13,0.0,14.5,5,9,08:05 AM,10:40 PM,05:46 AM,08:14 PM,11,17,17,17,42,0,68,0.0,1012,17,10,338,22,21651
2015-05-20 12:00:00,19,13,0.0,14.5,5,9,08:05 AM,10:40 PM,05:46 AM,08:14 PM,9,19,19,19,24,21,53,0.0,1015,19,10,321,21,21651
2015-05-21 00:00:00,13,9,0.0,9.2,4,17,09:01 AM,11:28 PM,05:45 AM,08:15 PM,4,10,11,10,22,45,61,0.0,1016,11,10,55,10,21651
2015-05-21 12:00:00,13,9,0.0,9.2,4,17,09:01 AM,11:28 PM,05:45 AM,08:15 PM,8,10,11,10,8,83,84,0.0,1016,11,10,349,5,21651
2015-05-22 00:00:00,22,10,0.0,14.5,5,24,09:58 AM,No moonset,05:45 AM,08:16 PM,8,7,10,7,28,31,88,0.0,1014,10,10,303,14,21651
2015-05-22 12:00:00,22,10,0.0,14.5,5,24,09:58 AM,No moonset,05:45 AM,08:16 PM,8,22,24,22,26,13,42,0.0,1018,22,10,267,23,21651
2015-05-23 00:00:00,20,10,0.0,14.5,5,31,10:55 AM,12:09 AM,05:44 AM,08:17 PM,1,9,12,9,37,4,48,0.0,1026,12,10,330,18,21651
2015-05-23 12:00:00,20,10,0.0,14.5,5,31,10:55 AM,12:09 AM,05:44 AM,08:17 PM,2,18,18,18,5,0,36,0.0,1031,18,10,291,5,21651
2015-05-24 00:00:00,25,12,0.0,14.5,6,39,11:51 AM,12:46 AM,05:43 AM,08:17 PM,7,11,12,11,17,2,70,0.0,1029,12,10,184,8,21651
2015-05-24 12:00:00,25,12,0.0,14.5,6,39,11:51 AM,12:46 AM,05:43 AM,08:17 PM,14,25,25,24,12,2,54,0.0,1027,24,10,204,11,21651
2015-05-25 00:00:00,26,16,0.0,14.5,6,46,12:47 PM,01:20 AM,05:43 AM,08:18 PM,15,17,17,17,19,14,87,0.0,1025,17,10,201,9,21651
2015-05-25 12:00:00,26,16,0.0,14.5,6,46,12:47 PM,01:20 AM,05:43 AM,08:18 PM,16,27,27,26,28,32,53,0.0,1024,26,10,195,24,21651
2015-05-26 00:00:00,28,18,0.0,14.5,6,53,01:43 PM,01:51 AM,05:42 AM,08:19 PM,15,19,19,19,29,2,80,0.0,1023,19,10,189,14,21651
2015-05-26 12:00:00,28,18,0.0,14.5,6,53,01:43 PM,01:51 AM,05:42 AM,08:19 PM,19,29,29,28,34,17,59,0.0,1022,28,10,201,30,21651
2015-05-27 00:00:00,29,21,0.0,14.5,7,60,02:38 PM,02:20 AM,05:42 AM,08:20 PM,19,21,24,21,26,10,87,0.0,1021,21,10,190,14,21651
2015-05-27 12:00:00,29,21,0.0,14.5,7,60,02:38 PM,02:20 AM,05:42 AM,08:20 PM,21,31,31,29,16,21,64,0.0,1020,29,10,202,14,21651
2015-05-28 00:00:00,30,21,0.0,14.5,7,68,03:34 PM,02:50 AM,05:41 AM,08:21 PM,20,21,21,21,24,27,94,0.0,1021,21,10,181,12,21651
2015-05-28 12:00:00,30,21,0.0,14.5,7,68,03:34 PM,02:50 AM,05:41 AM,08:21 PM,19,31,31,30,6,7,53,0.0,1021,30,10,198,5,21651
2015-05-29 00:00:00,28,19,0.0,14.5,5,75,04:30 PM,03:20 AM,05:41 AM,08:21 PM,18,20,20,20,14,20,90,0.5,1023,20,9,59,6,21651
2015-05-29 12:00:00,28,19,0.0,14.5,5,75,04:30 PM,03:20 AM,05:41 AM,08:21 PM,20,30,30,28,3,18,61,0.0,1024,28,10,259,3,21651
2015-05-30 00:00:00,29,19,0.0,14.5,7,82,05:28 PM,03:52 AM,05:40 AM,08:22 PM,17,19,19,19,19,4,89,0.0,1022,19,10,176,10,21651
2015-05-30 12:00:00,29,19,0.0,14.5,7,82,05:28 PM,03:52 AM,05:40 AM,08:22 PM,20,30,30,29,18,2,58,0.0,1020,29,10,199,16,21651
2015-05-31 00:00:00,30,20,0.0,14.5,7,86,06:26 PM,04:27 AM,05:40 AM,08:23 PM,18,21,21,21,25,6,82,0.0,1019,21,10,187,14,21651
2015-05-31 12:00:00,30,20,0.0,14.5,7,86,06:26 PM,04:27 AM,05:40 AM,08:23 PM,19,31,31,30,16,6,53,0.0,1017,30,10,197,14,21651
2015-06-01 00:00:00,29,19,0.0,12.4,6,100,07:26 PM,05:06 AM,05:39 AM,08:24 PM,20,21,21,21,22,41,93,0.0,1016,21,10,176,13,21651
2015-06-01 12:00:00,29,19,0.0,12.4,6,100,07:26 PM,05:06 AM,05:39 AM,08:24 PM,20,31,31,29,4,21,59,0.0,1016,29,10,171,4,21651
2015-06-02 00:00:00,16,14,0.0,9.3,3,100,08:23 PM,05:50 AM,05:39 AM,08:24 PM,17,18,18,18,23,100,98,0.0,1017,18,10,59,15,21651
2015-06-02 12:00:00,16,14,0.0,9.3,3,100,08:23 PM,05:50 AM,05:39 AM,08:24 PM,13,16,16,16,15,100,83,0.0,1019,16,10,19,13,21651
2015-06-03 00:00:00,18,13,0.0,9.3,4,85,09:20 PM,06:40 AM,05:38 AM,08:25 PM,12,12,13,12,22,100,93,0.0,1020,13,10,43,15,21651
2015-06-03 12:00:00,18,13,0.0,9.3,4,85,09:20 PM,06:40 AM,05:38 AM,08:25 PM,13,18,18,18,17,100,73,0.2,1022,18,2,63,13,21651
2015-06-04 00:00:00,19,14,0.0,9.3,4,77,10:12 PM,07:35 AM,05:38 AM,08:26 PM,12,13,14,13,17,100,85,0.0,1022,14,10,60,10,21651
2015-06-04 12:00:00,19,14,0.0,9.3,4,77,10:12 PM,07:35 AM,05:38 AM,08:26 PM,14,19,19,19,18,100,74,0.0,1023,19,10,63,15,21651
2015-06-05 00:00:00,23,14,0.0,9.3,4,69,11:00 PM,08:35 AM,05:38 AM,08:26 PM,13,12,14,12,16,99,95,0.0,1020,14,10,37,11,21651
2015-06-05 12:00:00,23,14,0.0,9.3,4,69,11:00 PM,08:35 AM,05:38 AM,08:26 PM,17,22,25,22,5,79,73,0.1,1016,22,10,11,4,21651
2015-06-06 00:00:00,25,16,0.0,12.4,6,62,11:45 PM,09:40 AM,05:38 AM,08:27 PM,16,18,18,18,9,62,92,0.0,1012,18,10,247,4,21651
2015-06-06 12:00:00,25,16,0.0,12.4,6,62,11:45 PM,09:40 AM,05:38 AM,08:27 PM,19,27,27,25,17,17,66,1.5,1014,25,9,23,15,21651
2015-06-07 00:00:00,25,15,0.0,13.5,6,54,No moonrise,10:46 AM,05:37 AM,08:27 PM,15,16,16,16,11,40,94,0.0,1019,16,10,155,5,21651
2015-06-07 12:00:00,25,15,0.0,13.5,6,54,No moonrise,10:46 AM,05:37 AM,08:27 PM,15,26,26,25,14,2,54,0.0,1021,25,10,166,12,21651
2015-06-08 00:00:00,28,16,0.0,14.5,6,47,12:24 AM,11:53 AM,05:37 AM,08:28 PM,11,16,16,16,25,29,72,0.0,1018,16,10,171,14,21651
2015-06-08 12:00:00,28,16,0.0,14.5,6,47,12:24 AM,11:53 AM,05:37 AM,08:28 PM,20,29,29,27,30,16,66,0.0,1012,27,10,180,26,21651
2015-06-09 00:00:00,29,20,0.0,14.5,7,39,01:02 AM,01:00 PM,05:37 AM,08:29 PM,19,22,24,22,18,48,85,0.0,1008,22,10,183,10,21651
2015-06-09 12:00:00,29,20,0.0,14.5,7,39,01:02 AM,01:00 PM,05:37 AM,08:29 PM,17,29,29,29,22,15,49,0.0,1006,29,10,262,19,21651
2015-06-10 00:00:00,28,17,0.0,14.5,6,32,01:39 AM,02:08 PM,05:37 AM,08:29 PM,14,19,19,19,14,9,74,0.0,1010,19,10,336,7,21651
2015-06-10 12:00:00,28,17,0.0,14.5,6,32,01:39 AM,02:08 PM,05:37 AM,08:29 PM,15,28,28,28,16,0,46,0.0,1012,28,10,217,14,21651
2015-06-11 00:00:00,32,20,0.0,14.5,7,24,02:15 AM,03:16 PM,05:37 AM,08:30 PM,16,20,20,20,23,7,79,0.0,1013,20,10,197,11,21651
2015-06-11 12:00:00,32,20,0.0,14.5,7,24,02:15 AM,03:16 PM,05:37 AM,08:30 PM,18,33,33,32,15,3,44,0.0,1013,32,10,206,13,21651
2015-06-12 00:00:00,32,22,0.0,14.5,7,17,02:52 AM,04:23 PM,05:37 AM,08:30 PM,20,25,25,23,17,3,82,0.0,1014,23,10,194,8,21651
2015-06-12 12:00:00,32,22,0.0,14.5,7,17,02:52 AM,04:23 PM,05:37 AM,08:30 PM,20,35,35,32,22,4,50,0.0,1013,32,10,197,19,21651
2015-06-13 00:00:00,30,23,0.0,14.5,7,9,03:32 AM,05:29 PM,05:37 AM,08:30 PM,22,26,26,24,20,9,90,0.0,1012,24,10,258,9,21651
2015-06-13 12:00:00,30,23,0.0,14.5,7,9,03:32 AM,05:29 PM,05:37 AM,08:30 PM,21,33,33,30,20,41,59,0.0,1015,30,10,335,18,21651
2015-06-14 00:00:00,31,20,0.0,14.5,7,2,04:15 AM,06:33 PM,05:37 AM,08:31 PM,19,22,25,22,12,36,84,0.0,1016,22,10,103,6,21651
2015-06-14 12:00:00,31,20,0.0,14.5,7,2,04:15 AM,06:33 PM,05:37 AM,08:31 PM,20,33,33,31,4,13,52,0.0,1017,31,10,276,4,21651
2015-06-15 00:00:00,31,24,0.0,14.5,7,0,05:02 AM,07:34 PM,05:37 AM,08:31 PM,22,26,26,24,23,53,91,0.0,1016,24,10,194,12,21651
2015-06-15 12:00:00,31,24,0.0,14.5,7,0,05:02 AM,07:34 PM,05:37 AM,08:31 PM,21,33,33,30,14,24,59,0.0,1014,30,10,273,12,21651
2015-06-16 00:00:00,32,23,0.0,14.5,7,0,05:53 AM,08:30 PM,05:37 AM,08:32 PM,21,26,26,24,17,27,82,0.0,1014,24,10,243,8,21651
2015-06-16 12:00:00,32,23,0.0,14.5,7,0,05:53 AM,08:30 PM,05:37 AM,08:32 PM,22,36,36,32,33,47,54,0.0,1011,32,10,275,27,21651
2015-06-17 00:00:00,23,21,0.0,13.5,6,0,06:48 AM,09:20 PM,05:37 AM,08:32 PM,19,25,25,22,16,3,83,0.0,1016,22,10,16,8,21651
2015-06-17 12:00:00,23,21,0.0,13.5,6,0,06:48 AM,09:20 PM,05:37 AM,08:32 PM,17,25,25,23,22,18,72,0.0,1019,23,10,35,15,21651
2015-06-18 00:00:00,28,20,0.0,10.4,5,6,07:44 AM,10:04 PM,05:37 AM,08:32 PM,20,20,20,20,21,100,95,0.0,1017,20,10,122,14,21651
2015-06-18 12:00:00,28,20,0.0,10.4,5,6,07:44 AM,10:04 PM,05:37 AM,08:32 PM,21,29,29,27,6,86,72,0.0,1015,27,10,92,5,21651
2015-06-19 00:00:00,30,21,0.0,14.5,6,13,08:41 AM,10:44 PM,05:37 AM,08:33 PM,20,21,21,21,9,63,93,0.2,1013,21,10,179,4,21651
2015-06-19 12:00:00,30,21,0.0,14.5,6,13,08:41 AM,10:44 PM,05:37 AM,08:33 PM,21,32,32,30,14,58,59,0.0,1014,30,10,302,12,21651
2015-06-20 00:00:00,31,21,0.0,14.5,6,21,09:39 AM,11:19 PM,05:37 AM,08:33 PM,19,25,25,22,14,27,81,0.4,1015,22,9,40,6,21651
2015-06-20 12:00:00,31,21,0.0,14.5,6,21,09:39 AM,11:19 PM,05:37 AM,08:33 PM,20,34,34,31,6,20,51,0.0,1015,31,10,184,5,21651
2015-06-21 00:00:00,31,22,0.0,14.5,6,28,10:36 AM,11:51 PM,05:37 AM,08:33 PM,22,27,27,25,30,47,85,0.2,1008,25,9,186,17,21651
2015-06-21 12:00:00,31,22,0.0,14.5,6,28,10:36 AM,11:51 PM,05:37 AM,08:33 PM,22,34,34,30,22,9,59,0.0,1009,30,10,281,19,21651
2015-06-22 00:00:00,31,22,0.0,14.5,7,36,11:32 AM,No moonset,05:38 AM,08:33 PM,20,26,26,24,22,10,79,0.1,1013,24,10,326,10,21651
2015-06-22 12:00:00,31,22,0.0,14.5,7,36,11:32 AM,No moonset,05:38 AM,08:33 PM,17,31,31,31,11,0,43,0.0,1016,31,10,257,10,21651
2015-06-23 00:00:00,34,24,0.0,14.5,8,44,12:27 PM,12:21 AM,05:38 AM,08:33 PM,22,27,27,25,28,6,84,0.0,1015,25,10,197,14,21651
2015-06-23 12:00:00,34,24,0.0,14.5,8,44,12:27 PM,12:21 AM,05:38 AM,08:33 PM,22,39,39,34,24,21,49,0.0,1010,34,10,206,21,21651
2015-06-24 00:00:00,28,18,0.0,14.5,6,51,01:23 PM,12:51 AM,05:38 AM,08:34 PM,17,21,24,21,25,2,75,0.0,1014,21,10,319,13,21651
2015-06-24 12:00:00,28,18,0.0,14.5,6,51,01:23 PM,12:51 AM,05:38 AM,08:34 PM,15,28,28,27,13,0,49,0.0,1017,27,10,311,12,21651
2015-06-25 00:00:00,29,19,0.0,12.4,7,59,02:18 PM,01:21 AM,05:38 AM,08:34 PM,12,20,20,20,14,2,62,0.0,1018,20,10,282,7,21651
2015-06-25 12:00:00,29,19,0.0,12.4,7,59,02:18 PM,01:21 AM,05:38 AM,08:34 PM,14,29,29,29,7,74,40,0.0,1017,29,10,262,6,21651
2015-06-26 00:00:00,26,20,0.0,11.4,5,66,03:15 PM,01:52 AM,05:39 AM,08:34 PM,19,20,20,20,18,46,93,2.6,1013,20,8,60,10,21651
2015-06-26 12:00:00,26,20,0.0,11.4,5,66,03:15 PM,01:52 AM,05:39 AM,08:34 PM,19,27,27,25,11,82,71,0.6,1014,25,10,91,10,21651
2015-06-27 00:00:00,23,18,0.0,10.4,6,74,04:13 PM,02:25 AM,05:39 AM,08:34 PM,16,18,18,18,18,44,86,0.0,1017,18,10,114,9,21651
2015-06-27 12:00:00,23,18,0.0,10.4,6,74,04:13 PM,02:25 AM,05:39 AM,08:34 PM,18,25,25,23,33,100,77,0.0,1013,23,10,95,24,21651
2015-06-28 00:00:00,26,19,0.0,14.5,5,81,05:12 PM,03:01 AM,05:39 AM,08:34 PM,20,21,21,21,11,63,97,0.0,1005,21,10,75,6,21651
2015-06-28 12:00:00,26,19,0.0,14.5,5,81,05:12 PM,03:01 AM,05:39 AM,08:34 PM,16,27,27,26,24,55,54,0.0,1006,26,10,249,21,21651
2015-06-29 00:00:00,27,17,0.0,14.5,6,89,06:10 PM,03:43 AM,05:40 AM,08:34 PM,13,17,17,17,27,0,76,0.0,1012,17,10,274,13,21651
2015-06-29 12:00:00,27,17,0.0,14.5,6,89,06:10 PM,03:43 AM,05:40 AM,08:34 PM,14,26,26,26,13,9,48,0.0,1014,26,10,265,12,21651
2015-06-30 00:00:00,30,19,0.0,14.5,7,96,07:08 PM,04:30 AM,05:40 AM,08:34 PM,15,19,19,19,23,15,74,0.0,1013,19,10,153,11,21651
2015-06-30 12:00:00,30,19,0.0,14.5,7,96,07:08 PM,04:30 AM,05:40 AM,08:34 PM,19,31,31,30,24,20,53,0.0,1012,30,10,193,21,21651
2015-07-01 00:00:00,29,21,0.0,14.5,6,100,08:03 PM,05:23 AM,05:41 AM,08:34 PM,20,25,25,23,20,73,83,0.0,1009,23,10,238,10,21651
2015-07-01 12:00:00,29,21,0.0,14.5,6,100,08:03 PM,05:23 AM,05:41 AM,08:34 PM,17,30,30,29,18,8,49,0.0,1010,29,10,234,16,21651
2015-07-02 00:00:00,24,18,0.0,13.5,6,100,08:55 PM,06:22 AM,05:41 AM,08:33 PM,16,21,21,21,9,26,75,0.0,1012,21,10,34,4,21651
2015-07-02 12:00:00,24,18,0.0,13.5,6,100,08:55 PM,06:22 AM,05:41 AM,08:33 PM,19,25,25,23,15,45,81,0.9,1012,23,10,72,12,21651
2015-07-03 00:00:00,27,17,0.0,13.5,6,85,09:42 PM,07:27 AM,05:42 AM,08:33 PM,16,18,18,18,13,14,86,0.0,1013,18,10,324,6,21651
2015-07-03 12:00:00,27,17,0.0,13.5,6,85,09:42 PM,07:27 AM,05:42 AM,08:33 PM,17,28,28,27,13,45,53,0.0,1015,27,10,156,11,21651
2015-07-04 00:00:00,27,20,0.0,11.4,5,78,10:24 PM,08:34 AM,05:42 AM,08:33 PM,17,20,20,20,12,82,84,0.0,1014,20,10,107,6,21651
2015-07-04 12:00:00,27,20,0.0,11.4,5,78,10:24 PM,08:34 AM,05:42 AM,08:33 PM,20,29,29,27,5,96,66,0.3,1012,27,10,31,4,21651
2015-07-05 00:00:00,28,18,0.0,14.5,7,71,11:04 PM,09:43 AM,05:43 AM,08:33 PM,17,18,18,18,4,22,94,0.0,1017,18,10,31,2,21651
2015-07-05 12:00:00,28,18,0.0,14.5,7,71,11:04 PM,09:43 AM,05:43 AM,08:33 PM,18,29,29,28,6,2,52,0.0,1020,28,10,126,5,21651
2015-07-06 00:00:00,30,21,0.0,14.5,6,63,11:42 PM,10:52 AM,05:43 AM,08:33 PM,20,22,24,22,13,100,93,0.0,1020,22,10,138,8,21651
2015-07-06 12:00:00,30,21,0.0,14.5,6,63,11:42 PM,10:52 AM,05:43 AM,08:33 PM,21,33,33,30,10,18,56,0.0,1019,30,10,182,9,21651
2015-07-07 00:00:00,31,22,0.0,14.5,7,56,No moonrise,12:00 PM,05:44 AM,08:32 PM,21,25,25,23,19,22,88,0.0,1017,23,10,200,10,21651
2015-07-07 12:00:00,31,22,0.0,14.5,7,56,No moonrise,12:00 PM,05:44 AM,08:32 PM,20,33,33,31,13,6,54,0.0,1016,31,10,213,11,21651
2015-07-08 00:00:00,32,24,0.0,14.5,7,49,12:18 AM,01:08 PM,05:45 AM,08:32 PM,18,26,26,24,26,15,67,0.0,1015,24,10,203,13,21651
2015-07-08 12:00:00,32,24,0.0,14.5,7,49,12:18 AM,01:08 PM,05:45 AM,08:32 PM,20,35,35,32,11,29,51,0.0,1014,32,10,218,9,21651
2015-07-09 00:00:00,31,23,0.0,13.5,7,42,12:55 AM,02:14 PM,05:45 AM,08:32 PM,23,26,26,24,9,53,93,0.0,1015,24,10,313,4,21651
2015-07-09 12:00:00,31,23,0.0,13.5,7,42,12:55 AM,02:14 PM,05:45 AM,08:32 PM,21,34,34,31,7,14,56,0.0,1014,31,10,198,6,21651
2015-07-10 00:00:00,28,21,0.0,14.5,7,34,01:33 AM,03:20 PM,05:46 AM,08:31 PM,21,26,26,24,33,15,87,0.1,1012,24,10,294,17,21651
2015-07-10 12:00:00,28,21,0.0,14.5,7,34,01:33 AM,03:20 PM,05:46 AM,08:31 PM,16,29,29,28,17,19,48,0.0,1015,28,10,321,15,21651
2015-07-11 00:00:00,29,21,0.0,14.5,7,27,02:14 AM,04:24 PM,05:47 AM,08:31 PM,18,21,21,21,7,31,83,0.0,1017,21,10,7,3,21651
2015-07-11 12:00:00,29,21,0.0,14.5,7,27,02:14 AM,04:24 PM,05:47 AM,08:31 PM,16,29,29,28,6,18,47,0.1,1018,28,10,89,5,21651
2015-07-12 00:00:00,30,18,0.0,14.5,7,20,02:59 AM,05:25 PM,05:47 AM,08:30 PM,18,20,20,20,5,5,90,0.0,1018,20,10,211,3,21651
2015-07-12 12:00:00,30,18,0.0,14.5,7,20,02:59 AM,05:25 PM,05:47 AM,08:30 PM,14,30,30,30,7,22,40,0.0,1016,30,10,101,6,21651
2015-07-13 00:00:00,29,20,0.0,13.5,7,13,03:47 AM,06:21 PM,05:48 AM,08:30 PM,17,20,20,20,10,46,83,0.0,1014,20,10,185,5,21651
2015-07-13 12:00:00,29,20,0.0,13.5,7,13,03:47 AM,06:21 PM,05:48 AM,08:30 PM,16,30,30,29,14,46,46,0.0,1011,29,10,138,12,21651
2015-07-14 00:00:00,30,21,0.0,14.5,7,5,04:39 AM,07:14 PM,05:49 AM,08:29 PM,20,21,21,21,19,42,92,0.0,1007,21,10,129,9,21651
2015-07-14 12:00:00,30,21,0.0,14.5,7,5,04:39 AM,07:14 PM,05:49 AM,08:29 PM,21,33,33,30,17,6,57,0.0,1002,30,10,211,14,21651
2015-07-15 00:00:00,27,22,0.0,11.4,7,0,05:34 AM,08:00 PM,05:49 AM,08:29 PM,20,25,25,23,6,20,85,0.0,1001,23,10,209,3,21651
2015-07-15 12:00:00,27,22,0.0,11.4,7,0,05:34 AM,08:00 PM,05:49 AM,08:29 PM,21,28,28,26,13,62,72,0.0,1006,26,10,359,10,21651
2015-07-16 00:00:00,26,18,0.0,14.5,5,0,06:30 AM,08:41 PM,05:50 AM,08:28 PM,14,19,19,19,20,93,69,0.0,1013,19,10,1,13,21651
2015-07-16 12:00:00,26,18,0.0,14.5,5,0,06:30 AM,08:41 PM,05:50 AM,08:28 PM,14,27,27,26,7,0,48,0.0,1017,26,10,97,6,21651
2015-07-17 00:00:00,28,18,0.0,14.5,7,2,07:28 AM,09:18 PM,05:51 AM,08:28 PM,16,18,18,18,19,0,87,0.0,1018,18,10,162,9,21651
2015-07-17 12:00:00,28,18,0.0,14.5,7,2,07:28 AM,09:18 PM,05:51 AM,08:28 PM,17,29,29,28,11,7,52,0.0,1018,28,10,167,10,21651
2015-07-18 00:00:00,31,22,0.0,14.5,7,9,08:25 AM,09:52 PM,05:52 AM,08:27 PM,19,22,24,22,23,18,84,0.0,1015,22,10,172,13,21651
2015-07-18 12:00:00,31,22,0.0,14.5,7,9,08:25 AM,09:52 PM,05:52 AM,08:27 PM,23,36,36,31,10,10,62,0.0,1012,31,10,187,9,21651
2015-07-19 00:00:00,33,23,0.0,14.5,8,16,09:22 AM,10:23 PM,05:52 AM,08:26 PM,22,26,26,24,14,5,87,0.0,1012,24,10,253,6,21651
2015-07-19 12:00:00,33,23,0.0,14.5,8,16,09:22 AM,10:23 PM,05:52 AM,08:26 PM,22,38,38,33,11,5,51,0.0,1011,33,10,214,9,21651
2015-07-20 00:00:00,34,25,0.0,14.5,8,24,10:17 AM,10:53 PM,05:53 AM,08:26 PM,21,28,28,26,17,22,73,0.0,1008,26,10,239,8,21651
2015-07-20 12:00:00,34,25,0.0,14.5,8,24,10:17 AM,10:53 PM,05:53 AM,08:26 PM,21,38,38,34,8,8,46,0.0,1006,34,10,273,7,21651
2015-07-21 00:00:00,31,24,0.0,14.5,7,31,11:13 AM,11:22 PM,05:54 AM,08:25 PM,22,28,28,26,14,13,81,0.0,1005,26,10,243,6,21651
2015-07-21 12:00:00,31,24,0.0,14.5,7,31,11:13 AM,11:22 PM,05:54 AM,08:25 PM,20,34,34,31,6,14,53,0.0,1004,31,10,235,5,21651
2015-07-22 00:00:00,29,19,0.0,14.5,7,38,12:08 PM,11:52 PM,05:55 AM,08:24 PM,17,25,25,22,33,0,73,0.0,1007,22,10,341,17,21651
2015-07-22 12:00:00,29,19,0.0,14.5,7,38,12:08 PM,11:52 PM,05:55 AM,08:24 PM,12,28,28,28,13,8,37,0.0,1010,28,10,296,11,21651
2015-07-23 00:00:00,27,18,0.0,14.5,6,45,01:03 PM,No moonset,05:56 AM,08:24 PM,11,20,20,20,19,12,55,0.0,1014,20,10,336,9,21651
2015-07-23 12:00:00,27,18,0.0,14.5,6,45,01:03 PM,No moonset,05:56 AM,08:24 PM,11,27,27,27,8,8,37,0.0,1014,27,10,307,7,21651
2015-07-24 00:00:00,29,18,0.0,14.5,7,53,02:00 PM,12:24 AM,05:56 AM,08:23 PM,11,18,18,18,12,5,64,0.0,1014,18,10,238,6,21651
2015-07-24 12:00:00,29,18,0.0,14.5,7,53,02:00 PM,12:24 AM,05:56 AM,08:23 PM,12,28,28,29,13,3,35,0.0,1014,29,10,339,11,21651
2015-07-25 00:00:00,30,17,0.0,14.5,7,60,02:57 PM,12:58 AM,05:57 AM,08:22 PM,12,17,17,17,3,4,72,0.0,1015,17,10,248,1,21651
2015-07-25 12:00:00,30,17,0.0,14.5,7,60,02:57 PM,12:58 AM,05:57 AM,08:22 PM,13,29,29,30,7,15,35,0.0,1015,30,10,183,6,21651
2015-07-26 00:00:00,31,21,0.0,14.5,7,67,03:55 PM,01:37 AM,05:58 AM,08:21 PM,16,21,24,21,20,38,72,0.0,1015,21,10,187,10,21651
2015-07-26 12:00:00,31,21,0.0,14.5,7,67,03:55 PM,01:37 AM,05:58 AM,08:21 PM,18,32,32,31,19,16,45,0.0,1015,31,10,202,16,21651
2015-07-27 00:00:00,30,23,0.0,14.5,6,74,04:53 PM,02:20 AM,05:59 AM,08:20 PM,19,25,25,23,15,40,82,0.5,1015,23,9,184,7,21651
2015-07-27 12:00:00,30,23,0.0,14.5,6,74,04:53 PM,02:20 AM,05:59 AM,08:20 PM,20,33,33,30,5,22,55,0.5,1014,30,9,245,4,21651
2015-07-28 00:00:00,32,21,0.0,14.2,7,82,05:49 PM,03:10 AM,06:00 AM,08:19 PM,21,25,25,22,10,10,91,0.0,1016,22,10,204,5,21651
2015-07-28 12:00:00,32,21,0.0,14.2,7,82,05:49 PM,03:10 AM,06:00 AM,08:19 PM,20,34,34,32,2,3,50,0.0,1015,32,10,309,2,21651
2015-07-29 00:00:00,32,21,0.0,11.6,7,89,06:43 PM,04:06 AM,06:01 AM,08:18 PM,20,25,25,23,9,4,87,0.0,1015,23,10,280,4,21651
2015-07-29 12:00:00,32,21,0.0,11.6,7,89,06:43 PM,04:06 AM,06:01 AM,08:18 PM,21,35,35,32,7,27,51,0.2,1015,32,9,221,6,21651
2015-07-30 00:00:00,33,24,0.0,11.6,6,96,07:33 PM,05:08 AM,06:01 AM,08:17 PM,22,27,27,25,22,13,85,0.3,1014,25,9,200,11,21651
2015-07-30 12:00:00,33,24,0.0,11.6,6,96,07:33 PM,05:08 AM,06:01 AM,08:17 PM,22,37,37,33,21,28,55,0.0,1011,33,10,209,18,21651
2015-07-31 00:00:00,31,20,0.0,11.6,7,100,08:18 PM,06:15 AM,06:02 AM,08:16 PM,17,21,24,21,21,2,76,0.0,1012,21,10,324,10,21651
2015-07-31 12:00:00,31,20,0.0,11.6,7,100,08:18 PM,06:15 AM,06:02 AM,08:16 PM,14,31,31,31,10,12,34,0.0,1012,31,10,301,8,21651
2015-08-01 00:00:00,32,23,0.0,11.6,7,89,09:01 PM,07:25 AM,06:03 AM,08:15 PM,16,25,25,24,29,16,63,0.0,1011,24,10,234,14,21651
2015-08-01 12:00:00,32,23,0.0,11.6,7,89,09:01 PM,07:25 AM,06:03 AM,08:15 PM,15,32,32,32,12,33,37,0.0,1009,32,10,256,10,21651
2015-08-02 00:00:00,31,19,0.0,11.6,7,82,09:41 PM,08:36 AM,06:04 AM,08:14 PM,14,22,25,22,15,9,61,0.0,1012,22,10,350,7,21651
2015-08-02 12:00:00,31,19,0.0,11.6,7,82,09:41 PM,08:36 AM,06:04 AM,08:14 PM,12,30,30,31,7,13,31,0.0,1013,31,10,248,6,21651
2015-08-03 00:00:00,32,21,0.0,11.6,7,75,10:18 PM,09:47 AM,06:05 AM,08:13 PM,16,25,25,22,20,5,66,0.0,1012,22,10,210,10,21651
2015-08-03 12:00:00,32,21,0.0,11.6,7,75,10:18 PM,09:47 AM,06:05 AM,08:13 PM,15,32,32,32,19,4,34,0.0,1009,32,10,191,16,21651
2015-08-04 00:00:00,32,23,0.0,11.6,7,67,10:56 PM,10:57 AM,06:06 AM,08:12 PM,16,26,26,24,23,10,62,0.0,1011,24,10,219,11,21651
2015-08-04 12:00:00,32,23,0.0,11.6,7,67,10:56 PM,10:57 AM,06:06 AM,08:12 PM,18,34,34,32,15,12,43,0.0,1012,32,10,250,13,21651
2015-08-05 00:00:00,31,20,0.0,11.6,6,60,11:35 PM,12:06 PM,06:07 AM,08:11 PM,15,21,24,21,21,18,67,2.9,1013,21,7,44,10,21651
2015-08-05 12:00:00,31,20,0.0,11.6,6,60,11:35 PM,12:06 PM,06:07 AM,08:11 PM,11,30,30,31,17,7,29,0.0,1013,31,10,267,15,21651
2015-08-06 00:00:00,29,20,0.0,10.5,7,53,No moonrise,01:13 PM,06:08 AM,08:10 PM,14,21,21,21,17,6,65,0.0,1015,21,10,353,8,21651
2015-08-06 12:00:00,29,20,0.0,10.5,7,53,No moonrise,01:13 PM,06:08 AM,08:10 PM,15,29,29,29,9,17,42,0.0,1014,29,10,72,8,21651
2015-08-07 00:00:00,28,20,0.0,11.6,6,46,12:15 AM,02:17 PM,06:09 AM,08:09 PM,19,20,20,20,22,62,90,0.0,1011,20,10,35,13,21651
2015-08-07 12:00:00,28,20,0.0,11.6,6,46,12:15 AM,02:17 PM,06:09 AM,08:09 PM,17,27,27,26,14,18,59,0.0,1012,26,10,62,12,21651
2015-08-08 00:00:00,28,19,0.0,11.6,7,38,12:59 AM,03:19 PM,06:09 AM,08:08 PM,15,19,19,19,14,4,76,0.0,1012,19,10,39,7,21651
2015-08-08 12:00:00,28,19,0.0,11.6,7,38,12:59 AM,03:19 PM,06:09 AM,08:08 PM,15,29,29,28,13,33,45,0.0,1014,28,10,59,11,21651
2015-08-09 00:00:00,29,20,0.0,11.6,7,31,01:45 AM,04:16 PM,06:10 AM,08:07 PM,15,20,20,20,3,44,74,0.0,1015,20,10,250,1,21651
2015-08-09 12:00:00,29,20,0.0,11.6,7,31,01:45 AM,04:16 PM,06:10 AM,08:07 PM,16,29,29,29,5,37,48,0.0,1015,29,10,180,4,21651
2015-08-10 00:00:00,26,20,0.0,7.0,5,24,02:35 AM,05:09 PM,06:11 AM,08:05 PM,17,20,20,20,15,76,83,0.0,1016,20,10,152,8,21651
2015-08-10 12:00:00,26,20,0.0,7.0,5,24,02:35 AM,05:09 PM,06:11 AM,08:05 PM,19,27,27,25,20,96,70,0.3,1016,25,10,203,13,21651
2015-08-11 00:00:00,30,22,0.0,11.6,6,16,03:28 AM,05:57 PM,06:12 AM,08:04 PM,20,22,24,22,31,100,92,0.0,1012,22,10,168,19,21651
2015-08-11 12:00:00,30,22,0.0,11.6,6,16,03:28 AM,05:57 PM,06:12 AM,08:04 PM,22,32,32,29,13,45,65,0.0,1008,29,10,233,12,21651
2015-08-12 00:00:00,28,20,0.0,11.6,7,9,04:23 AM,06:39 PM,06:13 AM,08:03 PM,18,21,21,21,14,9,85,0.0,1010,21,10,296,6,21651
2015-08-12 12:00:00,28,20,0.0,11.6,7,9,04:23 AM,06:39 PM,06:13 AM,08:03 PM,15,28,28,28,14,5,44,0.8,1012,28,9,313,12,21651
2015-08-13 00:00:00,27,17,0.0,11.6,6,2,05:20 AM,07:18 PM,06:14 AM,08:02 PM,14,20,20,20,21,13,71,0.0,1015,20,10,358,10,21651
2015-08-13 12:00:00,27,17,0.0,11.6,6,2,05:20 AM,07:18 PM,06:14 AM,08:02 PM,12,27,27,27,7,2,40,0.0,1018,27,10,285,6,21651
2015-08-14 00:00:00,29,15,0.0,11.6,7,0,06:17 AM,07:53 PM,06:15 AM,08:00 PM,11,16,16,16,5,1,70,0.0,1020,16,10,22,2,21651
2015-08-14 12:00:00,29,15,0.0,11.6,7,0,06:17 AM,07:53 PM,06:15 AM,08:00 PM,12,28,28,29,3,0,35,0.0,1021,29,10,157,3,21651
2015-08-15 00:00:00,31,20,0.0,11.6,7,0,07:13 AM,08:24 PM,06:16 AM,07:59 PM,15,20,20,20,20,4,71,0.0,1020,20,10,224,9,21651
2015-08-15 12:00:00,31,20,0.0,11.6,7,0,07:13 AM,08:24 PM,06:16 AM,07:59 PM,15,30,30,30,10,7,39,0.0,1020,30,10,191,9,21651
2015-08-16 00:00:00,32,20,0.0,11.6,7,5,08:09 AM,08:55 PM,06:17 AM,07:58 PM,15,20,20,20,17,3,72,0.0,1020,20,10,231,8,21651
2015-08-16 12:00:00,32,20,0.0,11.6,7,5,08:09 AM,08:55 PM,06:17 AM,07:58 PM,15,32,32,32,8,0,38,0.0,1019,32,10,212,7,21651
2015-08-17 00:00:00,33,21,0.0,11.6,7,12,09:04 AM,09:25 PM,06:18 AM,07:56 PM,16,22,25,22,18,5,71,0.0,1019,22,10,226,9,21651
2015-08-17 12:00:00,33,21,0.0,11.6,7,12,09:04 AM,09:25 PM,06:18 AM,07:56 PM,18,35,35,33,14,7,40,0.0,1018,33,10,182,12,21651
2015-08-18 00:00:00,32,21,0.0,10.4,7,20,09:59 AM,09:54 PM,06:19 AM,07:55 PM,21,25,25,22,18,13,90,0.0,1017,22,10,190,9,21651
2015-08-18 12:00:00,32,21,0.0,10.4,7,20,09:59 AM,09:54 PM,06:19 AM,07:55 PM,16,33,33,32,12,75,38,0.0,1015,32,10,178,10,21651
2015-08-19 00:00:00,31,23,0.0,10.4,7,27,10:55 AM,10:25 PM,06:20 AM,07:54 PM,21,25,25,23,17,8,88,0.0,1015,23,10,181,8,21651
2015-08-19 12:00:00,31,23,0.0,10.4,7,27,10:55 AM,10:25 PM,06:20 AM,07:54 PM,20,34,34,31,16,64,52,1.8,1015,31,10,183,14,21651
2015-08-20 00:00:00,31,23,0.0,11.6,6,34,11:50 AM,10:58 PM,06:20 AM,07:52 PM,22,25,25,23,20,24,94,0.3,1015,23,9,129,10,21651
2015-08-20 12:00:00,31,23,0.0,11.6,6,34,11:50 AM,10:58 PM,06:20 AM,07:52 PM,23,35,35,31,17,23,64,2.7,1013,31,7,167,15,21651
2015-08-21 00:00:00,30,22,0.0,10.4,7,42,12:46 PM,11:34 PM,06:21 AM,07:51 PM,22,26,26,23,17,26,90,0.0,1014,23,10,315,8,21651
2015-08-21 12:00:00,30,22,0.0,10.4,7,42,12:46 PM,11:34 PM,06:21 AM,07:51 PM,17,30,30,30,8,6,46,0.0,1016,30,10,359,6,21651
2015-08-22 00:00:00,28,18,0.0,11.6,6,49,01:43 PM,No moonset,06:22 AM,07:50 PM,10,20,20,20,28,17,54,0.0,1018,20,10,4,13,21651
2015-08-22 12:00:00,28,18,0.0,11.6,6,49,01:43 PM,No moonset,06:22 AM,07:50 PM,10,27,27,28,12,0,33,0.0,1018,28,10,9,10,21651
2015-08-23 00:00:00,28,16,0.0,11.6,6,56,02:39 PM,12:14 AM,06:23 AM,07:48 PM,14,18,18,18,14,0,75,0.0,1017,18,10,3,7,21651
2015-08-23 12:00:00,28,16,0.0,11.6,6,56,02:39 PM,12:14 AM,06:23 AM,07:48 PM,10,27,27,28,2,20,33,0.0,1015,28,10,299,2,21651
2015-08-24 00:00:00,31,17,0.0,11.6,7,63,03:35 PM,12:59 AM,06:24 AM,07:47 PM,12,17,17,17,6,4,72,0.0,1013,17,10,178,3,21651
2015-08-24 12:00:00,31,17,0.0,11.6,7,63,03:35 PM,12:59 AM,06:24 AM,07:47 PM,19,33,33,31,15,22,49,0.0,1011,31,10,180,13,21651
2015-08-25 00:00:00,29,18,0.0,11.6,7,71,04:28 PM,01:51 AM,06:25 AM,07:45 PM,21,25,25,23,15,24,88,0.0,1011,23,10,219,7,21651
2015-08-25 12:00:00,29,18,0.0,11.6,7,71,04:28 PM,01:51 AM,06:25 AM,07:45 PM,11,28,28,29,8,2,32,0.0,1011,29,10,274,7,21651
2015-08-26 00:00:00,26,18,0.0,11.6,6,78,05:20 PM,02:49 AM,06:26 AM,07:44 PM,10,19,19,19,37,7,57,0.0,1014,19,10,355,18,21651
2015-08-26 12:00:00,26,18,0.0,11.6,6,78,05:20 PM,02:49 AM,06:26 AM,07:44 PM,12,26,26,26,9,18,42,0.0,1016,26,10,289,8,21651
2015-08-27 00:00:00,27,17,0.0,11.6,6,85,06:07 PM,03:53 AM,06:27 AM,07:42 PM,13,18,18,18,19,13,73,0.0,1017,18,10,352,9,21651
2015-08-27 12:00:00,27,17,0.0,11.6,6,85,06:07 PM,03:53 AM,06:27 AM,07:42 PM,12,26,26,26,7,2,41,0.0,1018,26,10,336,6,21651
2015-08-28 00:00:00,27,16,0.0,11.6,6,92,06:52 PM,05:01 AM,06:28 AM,07:41 PM,12,17,17,17,12,16,71,0.0,1020,17,10,15,6,21651
2015-08-28 12:00:00,27,16,0.0,11.6,6,92,06:52 PM,05:01 AM,06:28 AM,07:41 PM,13,26,26,26,2,38,44,0.0,1021,26,10,298,2,21651
2015-08-29 00:00:00,29,16,0.0,11.6,7,100,07:34 PM,06:12 AM,06:29 AM,07:39 PM,14,17,17,17,14,4,80,0.0,1022,17,10,190,6,21651
2015-08-29 12:00:00,29,16,0.0,11.6,7,100,07:34 PM,06:12 AM,06:29 AM,07:39 PM,15,30,30,29,15,9,42,0.0,1021,29,10,186,13,21651
2015-08-30 00:00:00,31,20,0.0,11.6,7,100,08:13 PM,07:25 AM,06:30 AM,07:38 PM,17,21,21,21,23,11,79,0.0,1019,21,10,206,11,21651
2015-08-30 12:00:00,31,20,0.0,11.6,7,100,08:13 PM,07:25 AM,06:30 AM,07:38 PM,16,31,31,31,15,24,40,0.0,1018,31,10,198,13,21651
2015-08-31 00:00:00,33,23,0.0,11.6,6,89,08:52 PM,08:37 AM,06:31 AM,07:36 PM,18,26,26,24,20,66,70,0.0,1018,24,10,223,10,21651
2015-08-31 12:00:00,33,23,0.0,11.6,6,89,08:52 PM,08:37 AM,06:31 AM,07:36 PM,15,33,33,33,20,16,35,0.0,1017,33,10,232,17,21651
2015-09-01 00:00:00,27,19,0.0,10.3,6,74,09:32 PM,09:49 AM,06:31 AM,07:35 PM,17,20,21,20,17,23,85,0.0,1018,20,8,154,8,21651
2015-09-01 12:00:00,27,19,0.0,10.3,6,74,09:32 PM,09:49 AM,06:31 AM,07:35 PM,19,30,30,27,10,26,60,0.0,1018,27,10,213,8,21651
2015-09-02 00:00:00,33,20,0.0,11.6,7,66,10:13 PM,10:59 AM,06:32 AM,07:33 PM,18,21,24,21,12,4,79,0.0,1017,21,10,2,6,21651
2015-09-02 12:00:00,33,20,0.0,11.6,7,66,10:13 PM,10:59 AM,06:32 AM,07:33 PM,15,33,33,33,8,8,34,0.0,1014,33,10,241,7,21651
2015-09-03 00:00:00,33,21,0.0,11.6,7,59,10:57 PM,12:07 PM,06:33 AM,07:32 PM,18,25,25,23,17,16,72,0.0,1012,23,10,301,8,21651
2015-09-03 12:00:00,33,21,0.0,11.6,7,59,10:57 PM,12:07 PM,06:33 AM,07:32 PM,17,34,34,33,4,17,37,0.0,1011,33,10,257,3,21651
2015-09-04 00:00:00,28,21,0.0,10.3,6,51,11:43 PM,01:12 PM,06:34 AM,07:30 PM,19,26,26,24,18,23,74,0.3,1012,24,9,225,9,21651
2015-09-04 12:00:00,28,21,0.0,10.3,6,51,11:43 PM,01:12 PM,06:34 AM,07:30 PM,18,30,30,28,13,21,58,0.0,1017,28,10,153,10,21651
2015-09-05 00:00:00,28,19,0.0,7.7,6,44,No moonrise,02:11 PM,06:35 AM,07:28 PM,17,20,22,20,19,24,85,0.0,1016,20,8,254,9,21651
2015-09-05 12:00:00,28,19,0.0,7.7,6,44,No moonrise,02:11 PM,06:35 AM,07:28 PM,19,30,30,28,12,76,60,0.1,1016,28,10,204,10,21651
2015-09-06 00:00:00,29,20,0.0,11.6,6,36,12:32 AM,03:06 PM,06:36 AM,07:27 PM,17,21,23,21,18,77,79,0.1,1016,21,7,159,9,21651
2015-09-06 12:00:00,29,20,0.0,11.6,6,36,12:32 AM,03:06 PM,06:36 AM,07:27 PM,13,28,28,28,10,8,38,0.0,1022,28,10,102,9,21651
2015-09-07 00:00:00,24,18,0.0,11.6,6,29,01:25 AM,03:55 PM,06:37 AM,07:25 PM,17,18,18,18,12,4,91,0.0,1021,18,10,170,6,21651
2015-09-07 12:00:00,24,18,0.0,11.6,6,29,01:25 AM,03:55 PM,06:37 AM,07:25 PM,19,25,25,23,13,3,79,0.0,1020,23,10,203,8,21651
2015-09-08 00:00:00,32,22,0.0,11.6,7,21,02:19 AM,04:39 PM,06:38 AM,07:24 PM,20,25,25,23,20,0,86,0.0,1017,23,10,227,10,21651
2015-09-08 12:00:00,32,22,0.0,11.6,7,21,02:19 AM,04:39 PM,06:38 AM,07:24 PM,18,34,34,32,17,0,41,0.0,1016,32,10,192,15,21651
2015-09-09 00:00:00,34,23,0.0,11.6,7,14,03:15 AM,05:19 PM,06:39 AM,07:22 PM,22,26,26,23,20,12,89,0.0,1014,23,10,193,10,21651
2015-09-09 12:00:00,34,23,0.0,11.6,7,14,03:15 AM,05:19 PM,06:39 AM,07:22 PM,19,36,36,34,17,10,42,0.0,1011,34,10,194,14,21651
2015-09-10 00:00:00,29,20,0.0,7.7,7,6,04:11 AM,05:54 PM,06:40 AM,07:20 PM,21,27,27,25,13,31,82,0.0,1010,25,10,230,6,21651
2015-09-10 12:00:00,29,20,0.0,7.7,7,6,04:11 AM,05:54 PM,06:40 AM,07:20 PM,21,32,32,29,7,64,63,1.3,1008,29,10,158,6,21651
2015-09-11 00:00:00,28,19,0.0,11.6,5,0,05:07 AM,06:26 PM,06:41 AM,07:19 PM,18,20,20,20,23,100,91,0.0,1007,20,10,339,15,21651
2015-09-11 12:00:00,28,19,0.0,11.6,5,0,05:07 AM,06:26 PM,06:41 AM,07:19 PM,13,28,28,28,8,0,39,0.0,1009,28,10,336,7,21651
2015-09-12 00:00:00,26,19,0.0,10.3,6,0,06:03 AM,06:57 PM,06:41 AM,07:17 PM,16,19,19,19,20,0,84,0.0,1009,19,10,163,10,21651
2015-09-12 12:00:00,26,19,0.0,10.3,6,0,06:03 AM,06:57 PM,06:41 AM,07:17 PM,19,27,27,25,27,100,69,0.1,1006,25,10,142,20,21651
2015-09-13 00:00:00,22,16,0.0,11.6,5,0,06:58 AM,07:27 PM,06:42 AM,07:16 PM,15,18,18,18,19,28,84,0.0,1006,18,10,292,10,21651
2015-09-13 12:00:00,22,16,0.0,11.6,5,0,06:58 AM,07:27 PM,06:42 AM,07:16 PM,12,22,24,22,19,35,53,0.0,1009,22,10,312,16,21651
2015-09-14 00:00:00,24,14,0.0,11.6,6,1,07:54 AM,07:57 PM,06:43 AM,07:14 PM,8,13,15,13,27,6,66,0.0,1016,15,10,289,14,21651
2015-09-14 12:00:00,24,14,0.0,11.6,6,1,07:54 AM,07:57 PM,06:43 AM,07:14 PM,7,24,24,24,19,0,35,0.0,1020,24,10,287,17,21651
2015-09-15 00:00:00,27,15,0.0,11.6,6,9,08:48 AM,08:27 PM,06:44 AM,07:12 PM,9,17,17,17,20,0,62,0.0,1024,17,10,289,9,21651
2015-09-15 12:00:00,27,15,0.0,11.6,6,9,08:48 AM,08:27 PM,06:44 AM,07:12 PM,9,26,26,27,1,0,33,0.0,1027,27,10,271,1,21651
2015-09-16 00:00:00,24,15,0.0,10.3,6,16,09:44 AM,08:59 PM,06:45 AM,07:11 PM,12,15,15,15,14,0,78,0.0,1027,15,10,181,7,21651
2015-09-16 12:00:00,24,15,0.0,10.3,6,16,09:44 AM,08:59 PM,06:45 AM,07:11 PM,15,25,25,24,12,28,60,0.0,1020,24,10,189,10,21651
2015-09-17 00:00:00,22,15,0.0,9.0,5,24,10:39 AM,09:34 PM,06:46 AM,07:09 PM,13,15,15,15,16,25,87,0.0,1021,15,8,93,8,21651
2015-09-17 12:00:00,22,15,0.0,9.0,5,24,10:39 AM,09:34 PM,06:46 AM,07:09 PM,15,24,24,22,11,47,64,0.0,1021,22,10,117,9,21651
2015-09-18 00:00:00,24,15,0.0,9.0,6,32,11:35 AM,10:11 PM,06:47 AM,07:07 PM,14,15,16,15,16,32,90,0.0,1020,15,8,143,8,21651
2015-09-18 12:00:00,24,15,0.0,9.0,6,32,11:35 AM,10:11 PM,06:47 AM,07:07 PM,17,26,26,24,12,52,67,0.0,1018,24,10,159,9,21651
2015-09-19 00:00:00,23,15,0.0,8.9,5,39,12:30 PM,10:54 PM,06:48 AM,07:06 PM,15,16,17,16,18,26,91,0.0,1019,17,7,206,9,21651
2015-09-19 12:00:00,23,15,0.0,8.9,5,39,12:30 PM,10:54 PM,06:48 AM,07:06 PM,15,24,24,23,10,31,62,0.0,1021,23,10,145,9,21651
2015-09-20 00:00:00,25,17,0.0,11.6,5,47,01:25 PM,11:42 PM,06:49 AM,07:04 PM,14,17,18,17,19,80,82,0.0,1020,17,7,93,10,21651
2015-09-20 12:00:00,25,17,0.0,11.6,5,47,01:25 PM,11:42 PM,06:49 AM,07:04 PM,12,25,25,25,12,20,44,0.0,1016,25,10,12,10,21651
2015-09-21 00:00:00,24,16,0.0,7.6,6,54,02:18 PM,No moonset,06:50 AM,07:02 PM,7,16,16,16,32,6,55,0.0,1018,16,10,44,18,21651
2015-09-21 12:00:00,24,16,0.0,7.6,6,54,02:18 PM,No moonset,06:50 AM,07:02 PM,11,25,25,24,18,75,45,0.0,1021,24,10,67,16,21651
2015-09-22 00:00:00,23,17,0.0,7.6,6,62,03:09 PM,12:35 AM,06:51 AM,07:01 PM,11,17,17,17,24,57,67,0.0,1022,17,10,26,14,21651
2015-09-22 12:00:00,23,17,0.0,7.6,6,62,03:09 PM,12:35 AM,06:51 AM,07:01 PM,13,22,24,22,15,73,58,0.0,1023,22,10,31,13,21651
2015-09-23 00:00:00,26,15,0.0,11.6,6,69,03:56 PM,01:35 AM,06:52 AM,06:59 PM,14,16,16,16,23,7,91,0.0,1023,16,10,24,12,21651
2015-09-23 12:00:00,26,15,0.0,11.6,6,69,03:56 PM,01:35 AM,06:52 AM,06:59 PM,7,25,25,26,15,0,29,0.0,1023,26,10,51,13,21651
2015-09-24 00:00:00,27,14,0.0,11.6,6,77,04:41 PM,02:38 AM,06:53 AM,06:58 PM,11,14,15,14,8,4,79,0.0,1023,15,10,35,4,21651
2015-09-24 12:00:00,27,14,0.0,11.6,6,77,04:41 PM,02:38 AM,06:53 AM,06:58 PM,8,26,26,27,18,13,29,0.0,1024,27,10,73,15,21651
2015-09-25 00:00:00,24,17,0.0,11.6,6,84,05:24 PM,03:47 AM,06:53 AM,06:56 PM,13,17,17,17,24,17,80,0.0,1025,17,10,47,12,21651
2015-09-25 12:00:00,24,17,0.0,11.6,6,84,05:24 PM,03:47 AM,06:53 AM,06:56 PM,13,25,25,24,28,24,48,0.0,1025,24,10,79,23,21651
2015-09-26 00:00:00,23,16,0.0,10.2,6,92,06:04 PM,04:58 AM,06:54 AM,06:54 PM,11,18,18,18,27,17,63,0.0,1026,18,10,44,16,21651
2015-09-26 12:00:00,23,16,0.0,10.2,6,92,06:04 PM,04:58 AM,06:54 AM,06:54 PM,12,25,25,23,31,9,50,0.0,1028,23,10,76,27,21651
2015-09-27 00:00:00,24,16,0.0,8.8,6,99,06:43 PM,06:10 AM,06:55 AM,06:53 PM,11,16,16,16,29,52,71,0.0,1029,16,10,51,18,21651
2015-09-27 12:00:00,24,16,0.0,8.8,6,99,06:43 PM,06:10 AM,06:55 AM,06:53 PM,15,25,25,24,23,49,59,0.1,1027,24,10,76,20,21651
2015-09-28 00:00:00,29,16,0.0,11.6,6,100,07:24 PM,07:24 AM,06:56 AM,06:51 PM,16,16,16,16,18,40,95,0.0,1024,16,10,46,9,21651
2015-09-28 12:00:00,29,16,0.0,11.6,6,100,07:24 PM,07:24 AM,06:56 AM,06:51 PM,17,30,30,29,6,46,50,0.0,1021,29,10,87,5,21651
2015-09-29 00:00:00,29,20,0.0,7.4,6,85,08:05 PM,08:36 AM,06:57 AM,06:49 PM,19,20,20,20,7,36,96,0.0,1018,20,2,99,3,21651
2015-09-29 12:00:00,29,20,0.0,7.4,6,85,08:05 PM,08:36 AM,06:57 AM,06:49 PM,20,31,31,29,9,76,57,0.1,1014,29,10,125,7,21651
2015-09-30 00:00:00,25,19,0.0,6.0,5,78,08:49 PM,09:48 AM,06:58 AM,06:48 PM,22,26,26,23,32,66,94,0.0,1007,23,10,178,19,21651
2015-09-30 12:00:00,25,19,0.0,6.0,5,78,08:49 PM,09:48 AM,06:58 AM,06:48 PM,19,27,27,25,16,93,69,0.4,1008,25,2,342,14,21651
2015-10-01 00:00:00,16,14,0.0,5.9,3,75,09:36 PM,10:57 AM,06:59 AM,06:46 PM,13,18,18,18,30,100,71,0.0,1013,18,10,23,21,21651
2015-10-01 12:00:00,16,14,0.0,5.9,3,75,09:36 PM,10:57 AM,06:59 AM,06:46 PM,10,15,15,15,27,100,69,0.0,1017,15,10,31,22,21651
2015-10-02 00:00:00,11,10,0.0,5.7,3,68,10:26 PM,12:01 PM,07:00 AM,06:45 PM,11,11,13,11,35,100,86,0.7,1018,13,2,31,23,21651
2015-10-02 12:00:00,11,10,0.0,5.7,3,68,10:26 PM,12:01 PM,07:00 AM,06:45 PM,9,6,10,6,30,100,91,2.5,1018,10,7,43,22,21651
2015-10-03 00:00:00,15,11,0.0,5.7,3,61,11:19 PM,12:59 PM,07:01 AM,06:43 PM,9,7,11,7,43,100,91,0.0,1019,11,10,45,30,21651
2015-10-03 12:00:00,15,11,0.0,5.7,3,61,11:19 PM,12:59 PM,07:01 AM,06:43 PM,13,15,15,15,40,95,85,0.0,1021,15,10,64,30,21651
2015-10-04 00:00:00,18,13,0.0,7.2,4,53,No moonrise,01:52 PM,07:02 AM,06:41 PM,11,11,13,11,38,89,83,0.0,1023,13,10,59,24,21651
2015-10-04 12:00:00,18,13,0.0,7.2,4,53,No moonrise,01:52 PM,07:02 AM,06:41 PM,11,18,18,18,32,37,62,0.0,1022,18,10,63,28,21651
2015-10-05 00:00:00,19,10,0.0,11.4,5,46,12:14 AM,02:38 PM,07:03 AM,06:40 PM,9,10,12,10,29,20,79,0.0,1021,12,10,43,18,21651
2015-10-05 12:00:00,19,10,0.0,11.4,5,46,12:14 AM,02:38 PM,07:03 AM,06:40 PM,10,19,19,19,16,45,57,0.0,1020,19,10,44,14,21651
2015-10-06 00:00:00,22,11,0.0,11.3,5,39,01:10 AM,03:19 PM,07:04 AM,06:38 PM,9,10,11,10,12,1,88,0.0,1018,11,10,11,6,21651
2015-10-06 12:00:00,22,11,0.0,11.3,5,39,01:10 AM,03:19 PM,07:04 AM,06:38 PM,9,21,24,21,6,7,45,0.0,1017,21,10,340,5,21651
2015-10-07 00:00:00,22,15,0.0,10.1,4,31,02:06 AM,03:56 PM,07:05 AM,06:37 PM,12,16,16,16,15,72,79,0.0,1015,16,10,27,7,21651
2015-10-07 12:00:00,22,15,0.0,10.1,4,31,02:06 AM,03:56 PM,07:05 AM,06:37 PM,14,25,25,22,8,64,60,0.0,1016,22,10,309,7,21651
2015-10-08 00:00:00,23,14,0.0,11.3,5,24,03:02 AM,04:29 PM,07:06 AM,06:35 PM,12,16,16,16,11,13,80,0.0,1018,16,10,339,5,21651
2015-10-08 12:00:00,23,14,0.0,11.3,5,24,03:02 AM,04:29 PM,07:06 AM,06:35 PM,13,25,25,23,5,49,54,0.0,1019,23,10,223,4,21651
2015-10-09 00:00:00,26,17,0.0,11.3,6,17,03:58 AM,05:00 PM,07:07 AM,06:34 PM,15,17,17,17,20,49,85,0.0,1018,17,10,182,10,21651
2015-10-09 12:00:00,26,17,0.0,11.3,6,17,03:58 AM,05:00 PM,07:07 AM,06:34 PM,18,28,28,26,24,18,60,0.0,1011,26,10,212,21,21651
2015-10-10 00:00:00,17,10,0.0,11.2,3,10,04:53 AM,05:30 PM,07:08 AM,06:32 PM,13,16,16,16,26,13,84,0.4,1015,16,9,347,15,21651
2015-10-10 12:00:00,17,10,0.0,11.2,3,10,04:53 AM,05:30 PM,07:08 AM,06:32 PM,4,17,17,17,10,0,42,0.0,1020,17,10,70,9,21651
2015-10-11 00:00:00,19,7,0.0,11.2,5,2,05:48 AM,06:00 PM,07:09 AM,06:31 PM,6,9,9,9,6,0,80,0.0,1018,9,10,186,3,21651
2015-10-11 12:00:00,19,7,0.0,11.2,5,2,05:48 AM,06:00 PM,07:09 AM,06:31 PM,5,18,18,18,5,2,40,0.0,1015,18,10,207,4,21651
2015-10-12 00:00:00,22,10,0.0,11.2,5,0,06:43 AM,06:29 PM,07:10 AM,06:29 PM,8,11,11,11,11,0,81,0.0,1012,11,10,237,5,21651
2015-10-12 12:00:00,22,10,0.0,11.2,5,0,06:43 AM,06:29 PM,07:10 AM,06:29 PM,8,24,24,22,14,3,39,0.0,1009,22,10,177,12,21651
2015-10-13 00:00:00,23,15,0.0,11.2,5,0,07:39 AM,07:01 PM,07:11 AM,06:28 PM,13,15,15,15,23,5,86,0.0,1005,15,10,183,11,21651
2015-10-13 12:00:00,23,15,0.0,11.2,5,0,07:39 AM,07:01 PM,07:11 AM,06:28 PM,15,21,24,21,12,37,69,0.0,1001,21,10,183,10,21651
2015-10-14 00:00:00,20,13,0.0,10.1,4,5,08:34 AM,07:35 PM,07:12 AM,06:26 PM,11,15,15,15,20,13,77,0.7,1007,15,9,306,10,21651
2015-10-14 12:00:00,20,13,0.0,10.1,4,5,08:34 AM,07:35 PM,07:12 AM,06:26 PM,8,20,20,20,20,45,48,0.0,1009,20,10,279,18,21651
2015-10-15 00:00:00,18,11,0.0,11.1,5,12,09:30 AM,08:11 PM,07:13 AM,06:25 PM,7,11,12,11,20,27,70,0.0,1014,12,10,309,10,21651
2015-10-15 12:00:00,18,11,0.0,11.1,5,12,09:30 AM,08:11 PM,07:13 AM,06:25 PM,5,18,18,18,16,0,42,0.0,1017,18,10,286,14,21651
2015-10-16 00:00:00,18,11,0.0,11.1,5,19,10:25 AM,08:52 PM,07:14 AM,06:23 PM,9,12,13,12,27,13,73,0.0,1016,13,10,221,13,21651
2015-10-16 12:00:00,18,11,0.0,11.1,5,19,10:25 AM,08:52 PM,07:14 AM,06:23 PM,4,18,18,18,21,2,39,0.0,1017,18,10,314,18,21651
2015-10-17 00:00:00,13,8,0.0,7.1,4,27,11:20 AM,09:38 PM,07:15 AM,06:22 PM,3,8,10,8,18,7,62,0.0,1019,10,10,284,9,21651
2015-10-17 12:00:00,13,8,0.0,7.1,4,27,11:20 AM,09:38 PM,07:15 AM,06:22 PM,1,10,13,10,23,64,44,0.0,1021,13,10,317,18,21651
2015-10-18 00:00:00,11,4,0.0,11.0,3,34,12:13 PM,10:28 PM,07:16 AM,06:20 PM,0,1,5,1,29,30,68,0.0,1025,5,10,326,17,21651
2015-10-18 12:00:00,11,4,0.0,11.0,3,34,12:13 PM,10:28 PM,07:16 AM,06:20 PM,-3,8,11,8,18,50,39,0.0,1026,11,10,303,16,21651
2015-10-19 00:00:00,11,2,0.0,11.0,3,41,01:03 PM,11:24 PM,07:17 AM,06:19 PM,-1,-1,3,-1,25,2,73,0.0,1031,3,10,7,13,21651
2015-10-19 12:00:00,11,2,0.0,11.0,3,41,01:03 PM,11:24 PM,07:17 AM,06:19 PM,-4,9,10,9,8,2,37,0.0,1031,10,10,214,7,21651
2015-10-20 00:00:00,19,9,0.0,11.0,4,48,01:51 PM,No moonset,07:18 AM,06:18 PM,2,6,9,6,30,3,59,0.0,1027,9,10,223,15,21651
2015-10-20 12:00:00,19,9,0.0,11.0,4,48,01:51 PM,No moonset,07:18 AM,06:18 PM,6,19,19,19,18,8,40,0.0,1025,19,10,203,16,21651
2015-10-21 00:00:00,21,11,0.0,11.0,5,56,02:35 PM,12:24 AM,07:19 AM,06:16 PM,8,11,13,11,20,3,74,0.0,1025,13,10,224,9,21651
2015-10-21 12:00:00,21,11,0.0,11.0,5,56,02:35 PM,12:24 AM,07:19 AM,06:16 PM,8,21,24,21,11,0,42,0.0,1026,21,10,174,9,21651
2015-10-22 00:00:00,23,12,0.0,11.0,5,63,03:17 PM,01:29 AM,07:20 AM,06:15 PM,9,12,13,12,14,5,73,0.0,1024,13,10,209,7,21651
2015-10-22 12:00:00,23,12,0.0,11.0,5,63,03:17 PM,01:29 AM,07:20 AM,06:15 PM,8,24,24,23,17,8,37,0.0,1022,23,10,198,14,21651
2015-10-23 00:00:00,12,12,0.0,10.9,4,70,03:56 PM,02:36 AM,07:21 AM,06:14 PM,12,17,17,17,21,35,74,0.0,1020,17,10,326,10,21651
2015-10-23 12:00:00,12,12,0.0,10.9,4,70,03:56 PM,02:36 AM,07:21 AM,06:14 PM,8,10,12,10,37,10,77,0.0,1024,12,10,31,23,21651
2015-10-24 00:00:00,18,12,0.0,8.5,5,77,04:35 PM,03:46 AM,07:22 AM,06:12 PM,9,12,13,12,22,35,82,0.0,1017,12,9,227,12,21651
2015-10-24 12:00:00,18,12,0.0,8.5,5,77,04:35 PM,03:46 AM,07:22 AM,06:12 PM,10,18,19,18,18,44,60,0.0,1016,18,10,230,14,21651
2015-10-25 00:00:00,20,12,0.0,10.1,4,85,05:14 PM,04:57 AM,07:24 AM,06:11 PM,10,12,13,12,23,72,80,0.0,1021,13,10,177,13,21651
2015-10-25 12:00:00,20,12,0.0,10.1,4,85,05:14 PM,04:57 AM,07:24 AM,06:11 PM,13,20,20,20,19,43,65,0.6,1019,20,5,323,15,21651
2015-10-26 00:00:00,15,7,0.0,10.1,3,92,05:54 PM,06:09 AM,07:25 AM,06:10 PM,6,9,11,9,24,94,74,0.0,1027,11,10,10,14,21651
2015-10-26 12:00:00,15,7,0.0,10.1,3,92,05:54 PM,06:09 AM,07:25 AM,06:10 PM,1,14,15,14,8,20,40,0.0,1030,15,10,56,7,21651
2015-10-27 00:00:00,17,7,0.0,5.4,4,99,06:37 PM,07:22 AM,07:26 AM,06:08 PM,2,6,7,6,8,7,72,0.0,1032,7,10,77,4,21651
2015-10-27 12:00:00,17,7,0.0,5.4,4,99,06:37 PM,07:22 AM,07:26 AM,06:08 PM,9,17,17,17,22,100,61,0.0,1032,17,10,79,17,21651
2015-10-28 00:00:00,23,14,0.0,7.0,4,100,07:23 PM,08:33 AM,07:27 AM,06:07 PM,11,11,14,11,32,100,85,0.0,1026,14,10,81,20,21651
2015-10-28 12:00:00,23,14,0.0,7.0,4,100,07:23 PM,08:33 AM,07:27 AM,06:07 PM,19,25,25,23,34,80,77,0.0,1013,23,10,142,24,21651
2015-10-29 00:00:00,21,14,0.0,10.8,4,86,08:13 PM,09:42 AM,07:28 AM,06:06 PM,19,20,20,20,30,56,94,2.8,1003,20,7,204,18,21651
2015-10-29 12:00:00,21,14,0.0,10.8,4,86,08:13 PM,09:42 AM,07:28 AM,06:06 PM,9,21,21,21,22,9,46,0.1,1006,21,10,292,18,21651
2015-10-30 00:00:00,15,9,0.0,10.8,4,79,09:06 PM,10:45 AM,07:29 AM,06:05 PM,5,10,12,10,27,3,60,0.0,1011,12,10,320,14,21651
2015-10-30 12:00:00,15,9,0.0,10.8,4,79,09:06 PM,10:45 AM,07:29 AM,06:05 PM,5,13,15,13,18,9,52,0.0,1016,15,10,319,16,21651
2015-10-31 00:00:00,14,6,0.0,10.7,4,75,10:02 PM,11:42 AM,07:30 AM,06:04 PM,3,6,8,6,18,0,75,0.0,1021,8,10,351,9,21651
2015-10-31 12:00:00,14,6,0.0,10.7,4,75,10:02 PM,11:42 AM,07:30 AM,06:04 PM,3,13,14,13,10,47,47,0.0,1022,14,10,190,8,21651
2015-11-01 00:00:00,18,12,0.0,10.0,4,59,11:00 PM,12:32 PM,07:31 AM,06:02 PM,7,10,12,10,19,86,71,0.0,1018,12,10,193,10,21651
2015-11-01 12:00:00,18,12,0.0,10.0,4,59,11:00 PM,12:32 PM,07:31 AM,06:02 PM,14,18,18,18,22,36,77,0.0,1014,18,10,229,18,21651
2015-11-02 00:00:00,18,11,0.0,10.0,4,52,11:57 PM,01:17 PM,07:32 AM,06:01 PM,12,14,14,14,22,100,88,0.0,1018,14,10,308,11,21651
2015-11-02 12:00:00,18,11,0.0,10.0,4,52,11:57 PM,01:17 PM,07:32 AM,06:01 PM,9,18,18,18,1,17,55,0.0,1020,18,10,336,1,21651
2015-11-03 00:00:00,20,9,0.0,10.7,5,44,No moonrise,01:56 PM,07:33 AM,06:00 PM,8,10,10,10,6,0,88,0.0,1020,10,10,328,3,21651
2015-11-03 12:00:00,20,9,0.0,10.7,5,44,No moonrise,01:56 PM,07:33 AM,06:00 PM,7,20,20,20,5,0,43,0.0,1023,20,10,187,4,21651
2015-11-04 00:00:00,22,10,0.0,8.7,5,37,12:54 AM,02:30 PM,07:35 AM,05:59 PM,7,11,11,11,1,0,77,0.0,1025,11,10,64,0,21651
2015-11-04 12:00:00,22,10,0.0,8.7,5,37,12:54 AM,02:30 PM,07:35 AM,05:59 PM,9,22,24,22,3,0,44,0.0,1027,22,10,138,3,21651
2015-11-05 00:00:00,22,15,0.0,3.8,5,29,01:51 AM,03:03 PM,07:36 AM,05:58 PM,13,14,15,14,2,22,88,0.0,1025,15,10,307,1,21651
2015-11-05 12:00:00,22,15,0.0,3.8,5,29,01:51 AM,03:03 PM,07:36 AM,05:58 PM,18,22,24,22,12,96,80,0.2,1023,22,10,207,9,21651
2015-11-06 00:00:00,24,17,0.0,7.1,5,22,02:46 AM,03:33 PM,07:37 AM,05:57 PM,17,18,18,18,15,74,98,0.0,1020,18,10,183,8,21651
2015-11-06 12:00:00,24,17,0.0,7.1,5,22,02:46 AM,03:33 PM,07:37 AM,05:57 PM,18,25,25,23,27,33,73,0.0,1014,23,10,212,22,21651
2015-11-07 00:00:00,19,13,0.0,3.8,4,14,03:42 AM,04:02 PM,07:38 AM,05:56 PM,17,19,19,19,16,44,85,1.0,1016,19,10,235,8,21651
2015-11-07 12:00:00,19,13,0.0,3.8,4,14,03:42 AM,04:02 PM,07:38 AM,05:56 PM,12,15,15,15,20,100,79,0.0,1018,15,10,338,14,21651
2015-11-08 00:00:00,13,7,0.0,8.7,4,6,04:36 AM,04:32 PM,07:39 AM,05:55 PM,5,8,10,8,30,4,69,0.0,1024,10,10,328,17,21651
2015-11-08 12:00:00,13,7,0.0,8.7,4,6,04:36 AM,04:32 PM,07:39 AM,05:55 PM,-0,12,13,12,7,0,39,0.0,1030,13,10,353,6,21651
2015-11-09 00:00:00,15,5,0.0,5.4,4,0,05:32 AM,05:03 PM,07:40 AM,05:54 PM,1,6,7,6,8,0,63,0.0,1030,7,10,202,4,21651
2015-11-09 12:00:00,15,5,0.0,5.4,4,0,05:32 AM,05:03 PM,07:40 AM,05:54 PM,6,14,15,14,10,88,55,0.0,1029,15,10,57,7,21651
2015-11-10 00:00:00,17,13,0.0,3.8,4,0,06:27 AM,05:36 PM,07:41 AM,05:53 PM,13,12,13,12,24,100,97,1.8,1023,13,9,50,14,21651
2015-11-10 12:00:00,17,13,0.0,3.8,4,0,06:27 AM,05:36 PM,07:41 AM,05:53 PM,15,17,17,17,29,100,92,0.0,1011,17,10,59,20,21651
2015-11-11 00:00:00,16,11,0.0,3.8,3,0,07:24 AM,06:11 PM,07:42 AM,05:52 PM,12,11,13,11,33,100,89,0.3,1009,13,2,316,21,21651
2015-11-11 12:00:00,16,11,0.0,3.8,3,0,07:24 AM,06:11 PM,07:42 AM,05:52 PM,11,16,16,16,28,92,70,0.0,1013,16,10,320,20,21651
2015-11-12 00:00:00,18,10,0.0,8.7,5,1,08:20 AM,06:51 PM,07:43 AM,05:52 PM,8,9,10,9,9,44,89,0.0,1015,10,10,347,4,21651
2015-11-12 12:00:00,18,10,0.0,8.7,5,1,08:20 AM,06:51 PM,07:43 AM,05:52 PM,10,17,17,17,33,56,67,0.0,1006,17,10,181,22,21651
2015-11-13 00:00:00,14,9,0.0,8.7,4,8,09:17 AM,07:36 PM,07:45 AM,05:51 PM,7,10,12,10,32,0,71,0.2,1007,12,10,290,17,21651
2015-11-13 12:00:00,14,9,0.0,8.7,4,8,09:17 AM,07:36 PM,07:45 AM,05:51 PM,2,11,14,11,34,2,45,0.0,1010,14,10,285,28,21651
2015-11-14 00:00:00,10,6,0.0,8.7,3,16,10:10 AM,08:25 PM,07:46 AM,05:50 PM,-2,3,7,3,35,4,52,0.0,1016,7,10,288,20,21651
2015-11-14 12:00:00,10,6,0.0,8.7,3,16,10:10 AM,08:25 PM,07:46 AM,05:50 PM,-1,6,10,6,31,38,47,0.0,1022,10,10,312,26,21651
2015-11-15 00:00:00,15,5,0.0,8.7,4,24,11:02 AM,09:19 PM,07:47 AM,05:49 PM,1,3,5,3,14,0,72,0.0,1028,5,10,292,6,21651
2015-11-15 12:00:00,15,5,0.0,8.7,4,24,11:02 AM,09:19 PM,07:47 AM,05:49 PM,3,13,15,13,21,0,45,0.0,1027,15,10,237,17,21651
2015-11-16 00:00:00,18,9,0.0,8.7,4,31,11:50 AM,10:17 PM,07:48 AM,05:48 PM,6,9,11,9,22,0,70,0.0,1025,11,10,263,10,21651
2015-11-16 12:00:00,18,9,0.0,8.7,4,31,11:50 AM,10:17 PM,07:48 AM,05:48 PM,4,18,18,18,7,0,40,0.0,1025,18,10,253,5,21651
2015-11-17 00:00:00,14,9,0.0,5.4,3,39,12:34 PM,11:19 PM,07:49 AM,05:48 PM,5,10,11,10,17,95,66,0.0,1026,11,10,49,8,21651
2015-11-17 12:00:00,14,9,0.0,5.4,3,39,12:34 PM,11:19 PM,07:49 AM,05:48 PM,7,12,14,12,23,69,62,0.0,1031,14,10,82,19,21651
2015-11-18 00:00:00,17,8,0.0,3.7,4,46,01:16 PM,No moonset,07:50 AM,05:47 PM,6,6,9,6,19,4,82,0.0,1032,9,10,51,9,21651
2015-11-18 12:00:00,17,8,0.0,3.7,4,46,01:16 PM,No moonset,07:50 AM,05:47 PM,12,17,17,17,17,81,75,0.0,1028,17,10,119,11,21651
2015-11-19 00:00:00,18,15,0.0,3.7,5,54,01:55 PM,12:23 AM,07:51 AM,05:46 PM,12,15,15,15,18,59,83,0.0,1024,15,10,124,10,21651
2015-11-19 12:00:00,18,15,0.0,3.7,5,54,01:55 PM,12:23 AM,07:51 AM,05:46 PM,16,18,18,18,30,100,89,0.0,1016,18,10,172,18,21651
2015-11-20 00:00:00,11,7,0.0,8.7,3,61,02:32 PM,01:30 AM,07:52 AM,05:46 PM,12,13,15,13,31,5,83,0.7,1017,15,10,319,17,21651
2015-11-20 12:00:00,11,7,0.0,8.7,3,61,02:32 PM,01:30 AM,07:52 AM,05:46 PM,-2,7,11,7,25,0,40,0.0,1023,11,10,328,21,21651
2015-11-21 00:00:00,11,5,0.0,7.0,3,69,03:09 PM,02:38 AM,07:53 AM,05:45 PM,-2,3,6,3,18,30,54,0.0,1025,6,10,358,10,21651
2015-11-21 12:00:00,11,5,0.0,7.0,3,69,03:09 PM,02:38 AM,07:53 AM,05:45 PM,1,9,11,9,14,0,51,0.0,1022,11,10,84,11,21651
2015-11-22 00:00:00,9,4,0.0,8.7,2,76,03:47 PM,03:47 AM,07:54 AM,05:45 PM,10,10,12,10,19,78,86,0.0,1013,12,10,216,11,21651
2015-11-22 12:00:00,9,4,0.0,8.7,2,76,03:47 PM,03:47 AM,07:54 AM,05:45 PM,-1,6,9,6,24,5,48,0.0,1016,9,10,343,20,21651
2015-11-23 00:00:00,5,0,0.0,8.7,2,84,04:27 PM,04:58 AM,07:56 AM,05:44 PM,-4,-4,3,-4,36,8,61,0.0,1017,3,10,335,24,21651
2015-11-23 12:00:00,5,0,0.0,8.7,2,84,04:27 PM,04:58 AM,07:56 AM,05:44 PM,-9,0,5,0,23,0,35,0.0,1021,5,10,328,20,21651
2015-11-24 00:00:00,10,-0,0.0,8.7,3,91,05:10 PM,06:08 AM,07:57 AM,05:43 PM,-8,-0,-0,-0,5,44,57,0.0,1026,-0,10,133,2,21651
2015-11-24 12:00:00,10,-0,0.0,8.7,3,91,05:10 PM,06:08 AM,07:57 AM,05:43 PM,-1,8,10,8,12,15,46,0.0,1028,10,10,283,10,21651
2015-11-25 00:00:00,12,4,0.0,8.7,2,99,05:58 PM,07:18 AM,07:58 AM,05:43 PM,-1,3,6,3,12,64,62,0.0,1034,6,10,89,6,21651
2015-11-25 12:00:00,12,4,0.0,8.7,2,99,05:58 PM,07:18 AM,07:58 AM,05:43 PM,2,10,12,10,7,0,49,0.0,1040,12,10,109,6,21651
2015-11-26 00:00:00,16,6,0.0,8.7,4,100,06:49 PM,08:24 AM,07:59 AM,05:43 PM,4,4,7,4,11,0,81,0.0,1042,7,10,91,5,21651
2015-11-26 12:00:00,16,6,0.0,8.7,4,100,06:49 PM,08:24 AM,07:59 AM,05:43 PM,7,16,16,16,2,13,58,0.0,1041,16,10,113,1,21651
2015-11-27 00:00:00,17,6,0.0,8.7,4,86,07:45 PM,09:26 AM,08:00 AM,05:42 PM,8,9,10,9,4,0,88,0.0,1036,10,10,222,2,21651
2015-11-27 12:00:00,17,6,0.0,8.7,4,86,07:45 PM,09:26 AM,08:00 AM,05:42 PM,8,17,17,17,10,11,57,0.0,1030,17,10,211,8,21651
2015-11-28 00:00:00,19,11,0.0,8.7,5,78,08:43 PM,10:21 AM,08:01 AM,05:42 PM,10,9,11,9,17,20,91,0.0,1025,11,10,215,8,21651
2015-11-28 12:00:00,19,11,0.0,8.7,5,78,08:43 PM,10:21 AM,08:01 AM,05:42 PM,12,19,19,19,8,52,63,0.0,1022,19,10,217,5,21651
2015-11-29 00:00:00,8,6,0.0,5.3,2,71,09:43 PM,11:10 AM,08:02 AM,05:42 PM,9,9,11,9,25,100,87,0.0,1022,11,10,57,19,21651
2015-11-29 12:00:00,8,6,0.0,5.3,2,71,09:43 PM,11:10 AM,08:02 AM,05:42 PM,3,6,8,6,14,99,70,0.2,1024,8,2,37,11,21651
2015-11-30 00:00:00,9,4,0.0,3.5,3,63,10:42 PM,11:53 AM,08:03 AM,05:41 PM,-1,1,5,1,26,22,64,0.0,1028,5,10,47,17,21651
2015-11-30 12:00:00,9,4,0.0,3.5,3,63,10:42 PM,11:53 AM,08:03 AM,05:41 PM,5,5,8,5,23,100,79,0.0,1028,8,10,29,16,21651
2015-12-01 00:00:00,12,10,0.0,3.5,3,61,11:40 PM,12:30 PM,08:04 AM,05:41 PM,9,7,10,7,19,100,95,0.3,1023,10,2,39,12,21651
2015-12-01 12:00:00,12,10,0.0,3.5,3,61,11:40 PM,12:30 PM,08:04 AM,05:41 PM,11,12,12,12,7,100,98,0.0,1019,12,0,288,4,21651
2015-12-02 00:00:00,15,11,0.0,3.5,3,54,No moonrise,01:04 PM,08:05 AM,05:41 PM,10,9,11,9,7,100,95,0.0,1015,11,2,202,4,21651
2015-12-02 12:00:00,15,11,0.0,3.5,3,54,No moonrise,01:04 PM,08:05 AM,05:41 PM,12,12,13,12,12,100,95,0.0,1008,13,10,159,8,21651
2015-12-03 00:00:00,6,6,0.0,8.7,3,46,12:36 AM,01:35 PM,08:06 AM,05:41 PM,7,8,11,8,20,13,78,0.1,1009,11,10,313,11,21651
2015-12-03 12:00:00,6,6,0.0,8.7,3,46,12:36 AM,01:35 PM,08:06 AM,05:41 PM,2,2,6,2,48,6,73,0.0,1016,6,10,290,30,21651
2015-12-04 00:00:00,10,4,0.0,8.7,3,39,01:33 AM,02:04 PM,08:06 AM,05:41 PM,1,2,5,2,25,0,76,0.0,1028,5,10,279,14,21651
2015-12-04 12:00:00,10,4,0.0,8.7,3,39,01:33 AM,02:04 PM,08:06 AM,05:41 PM,2,7,10,7,14,0,57,0.0,1032,10,10,299,11,21651
2015-12-05 00:00:00,9,3,0.0,8.7,3,32,02:27 AM,02:34 PM,08:07 AM,05:40 PM,2,1,4,1,5,0,83,0.0,1037,4,10,3,3,21651
2015-12-05 12:00:00,9,3,0.0,8.7,3,32,02:27 AM,02:34 PM,08:07 AM,05:40 PM,2,8,9,8,6,0,59,0.0,1039,9,10,43,4,21651
2015-12-06 00:00:00,9,1,0.0,8.7,3,25,03:23 AM,03:04 PM,08:08 AM,05:40 PM,1,3,3,3,2,0,85,0.0,1037,3,10,336,1,21651
2015-12-06 12:00:00,9,1,0.0,8.7,3,25,03:23 AM,03:04 PM,08:08 AM,05:40 PM,0,8,9,8,3,0,54,0.0,1031,9,10,209,2,21651
2015-12-07 00:00:00,11,3,0.0,8.7,2,17,04:18 AM,03:36 PM,08:09 AM,05:40 PM,3,3,5,3,11,91,83,0.0,1025,5,10,220,5,21651
2015-12-07 12:00:00,11,3,0.0,8.7,2,17,04:18 AM,03:36 PM,08:09 AM,05:40 PM,1,10,11,10,8,2,48,0.0,1021,11,10,316,6,21651
2015-12-08 00:00:00,9,3,0.0,7.0,3,10,05:15 AM,04:10 PM,08:10 AM,05:40 PM,-0,3,6,3,20,10,67,0.0,1020,6,10,330,9,21651
2015-12-08 12:00:00,9,3,0.0,7.0,3,10,05:15 AM,04:10 PM,08:10 AM,05:40 PM,-1,8,9,8,11,78,50,0.0,1020,9,10,337,9,21651
2015-12-09 00:00:00,13,5,0.0,8.7,3,3,06:11 AM,04:48 PM,08:11 AM,05:40 PM,1,5,7,5,10,60,66,0.0,1020,7,10,130,5,21651
2015-12-09 12:00:00,13,5,0.0,8.7,3,3,06:11 AM,04:48 PM,08:11 AM,05:40 PM,7,11,13,11,16,8,68,0.0,1018,13,10,180,13,21651
2015-12-10 00:00:00,14,8,0.0,8.7,4,0,07:08 AM,05:31 PM,08:12 AM,05:40 PM,8,7,9,7,17,44,93,0.0,1015,9,10,219,8,21651
2015-12-10 12:00:00,14,8,0.0,8.7,4,0,07:08 AM,05:31 PM,08:12 AM,05:40 PM,8,15,14,15,6,8,64,0.0,1015,14,10,89,5,21651
2015-12-11 00:00:00,17,10,0.0,7.0,3,0,08:04 AM,06:19 PM,08:13 AM,05:41 PM,9,8,10,8,18,100,93,0.0,1014,10,10,169,9,21651
2015-12-11 12:00:00,17,10,0.0,7.0,3,0,08:04 AM,06:19 PM,08:13 AM,05:41 PM,11,17,17,17,12,6,67,0.0,1014,17,10,186,9,21651
2015-12-12 00:00:00,19,11,0.0,8.7,5,4,08:58 AM,07:13 PM,08:13 AM,05:41 PM,11,12,13,12,11,33,91,0.0,1018,13,10,181,5,21651
2015-12-12 12:00:00,19,11,0.0,8.7,5,4,08:58 AM,07:13 PM,08:13 AM,05:41 PM,13,19,19,19,12,35,69,0.0,1020,19,10,176,9,21651
2015-12-13 00:00:00,20,13,0.0,7.0,4,12,09:49 AM,08:10 PM,08:14 AM,05:41 PM,14,14,15,14,12,88,92,0.0,1021,15,10,214,6,21651
2015-12-13 12:00:00,20,13,0.0,7.0,4,12,09:49 AM,08:10 PM,08:14 AM,05:41 PM,15,20,20,20,8,6,72,0.0,1021,20,10,191,5,21651
2015-12-14 00:00:00,20,14,0.0,3.5,4,19,10:35 AM,09:12 PM,08:15 AM,05:41 PM,13,14,15,14,19,88,88,0.0,1017,15,10,178,10,21651
2015-12-14 12:00:00,20,14,0.0,3.5,4,19,10:35 AM,09:12 PM,08:15 AM,05:41 PM,16,20,20,20,21,90,76,0.0,1010,20,10,198,15,21651
2015-12-15 00:00:00,15,10,0.0,8.7,3,26,11:18 AM,10:16 PM,08:15 AM,05:41 PM,16,18,18,18,36,50,85,0.4,1000,18,10,269,19,21651
2015-12-15 12:00:00,15,10,0.0,8.7,3,26,11:18 AM,10:16 PM,08:15 AM,05:41 PM,7,13,15,13,44,12,57,0.0,1007,15,10,298,32,21651
2015-12-16 00:00:00,11,7,0.0,5.2,4,33,11:57 AM,11:22 PM,08:16 AM,05:42 PM,5,6,9,6,14,7,77,0.0,1016,9,10,304,7,21651
2015-12-16 12:00:00,11,7,0.0,5.2,4,33,11:57 AM,11:22 PM,08:16 AM,05:42 PM,5,10,11,10,12,73,64,0.0,1019,11,10,111,9,21651
2015-12-17 00:00:00,12,7,0.0,3.5,4,41,12:34 PM,No moonset,08:17 AM,05:42 PM,7,6,8,6,15,9,90,0.0,1018,8,10,133,8,21651
2015-12-17 12:00:00,12,7,0.0,3.5,4,41,12:34 PM,No moonset,08:17 AM,05:42 PM,11,12,12,12,13,100,97,3.2,1009,12,7,352,8,21651
2015-12-18 00:00:00,6,1,0.0,7.0,2,48,01:11 PM,12:28 AM,08:17 AM,05:42 PM,-0,-1,2,-1,19,46,85,0.0,1018,2,9,237,10,21651
2015-12-18 12:00:00,6,1,0.0,7.0,2,48,01:11 PM,12:28 AM,08:17 AM,05:42 PM,-0,4,6,4,17,33,63,0.0,1019,6,10,241,12,21651
2015-12-19 00:00:00,6,1,0.0,5.2,2,55,01:47 PM,01:36 AM,08:18 AM,05:43 PM,-2,-2,1,-2,15,47,80,0.0,1021,1,10,232,8,21651
2015-12-19 12:00:00,6,1,0.0,5.2,2,55,01:47 PM,01:36 AM,08:18 AM,05:43 PM,-1,2,6,2,20,34,66,0.0,1018,6,10,195,15,21651
2015-12-20 00:00:00,5,1,0.0,5.2,2,62,02:24 PM,02:43 AM,08:19 AM,05:43 PM,-1,-1,2,-1,20,40,82,0.0,1019,2,10,229,10,21651
2015-12-20 12:00:00,5,1,0.0,5.2,2,62,02:24 PM,02:43 AM,08:19 AM,05:43 PM,-1,2,5,2,17,41,67,0.0,1019,5,10,145,12,21651
2015-12-21 00:00:00,13,5,0.0,7.0,3,70,03:04 PM,03:51 AM,08:19 AM,05:44 PM,1,1,5,1,26,72,77,0.0,1031,5,10,187,12,21651
2015-12-21 12:00:00,13,5,0.0,7.0,3,70,03:04 PM,03:51 AM,08:19 AM,05:44 PM,5,10,13,10,33,74,59,0.0,1025,13,10,223,23,21651
2015-12-22 00:00:00,15,12,0.0,5.2,3,77,03:48 PM,04:59 AM,08:20 AM,05:44 PM,11,10,12,10,23,71,94,0.0,1020,12,10,211,13,21651
2015-12-22 12:00:00,15,12,0.0,5.2,3,77,03:48 PM,04:59 AM,08:20 AM,05:44 PM,14,15,15,15,27,100,93,1.8,1014,15,9,217,18,21651
2015-12-23 00:00:00,17,12,0.0,3.5,4,84,04:36 PM,06:05 AM,08:20 AM,05:45 PM,11,12,12,12,15,64,96,0.0,1019,12,2,138,7,21651
2015-12-23 12:00:00,17,12,0.0,3.5,4,84,04:36 PM,06:05 AM,08:20 AM,05:45 PM,15,15,15,15,19,100,97,0.0,1016,15,10,94,11,21651
2015-12-24 00:00:00,21,17,0.0,3.5,4,92,05:30 PM,07:09 AM,08:21 AM,05:45 PM,19,20,20,20,29,98,94,0.0,1012,20,10,210,16,21651
2015-12-24 12:00:00,21,17,0.0,3.5,4,92,05:30 PM,07:09 AM,08:21 AM,05:45 PM,19,21,24,21,27,90,87,1.9,1016,21,10,216,17,21651
2015-12-25 00:00:00,20,17,0.0,5.2,4,99,06:26 PM,08:07 AM,08:21 AM,05:46 PM,17,18,18,18,9,100,98,0.0,1020,18,0,201,5,21651
2015-12-25 12:00:00,20,17,0.0,5.2,4,99,06:26 PM,08:07 AM,08:21 AM,05:46 PM,18,20,20,20,6,87,89,0.0,1021,20,10,178,4,21651
2015-12-26 00:00:00,13,11,0.0,3.5,3,100,07:26 PM,09:00 AM,08:21 AM,05:47 PM,15,16,16,16,13,87,91,0.6,1024,16,2,22,8,21651
2015-12-26 12:00:00,13,11,0.0,3.5,3,100,07:26 PM,09:00 AM,08:21 AM,05:47 PM,8,11,13,11,19,100,70,0.0,1030,13,10,61,13,21651
2015-12-27 00:00:00,20,11,0.0,8.7,4,87,08:25 PM,09:46 AM,08:22 AM,05:47 PM,11,11,12,11,5,95,92,0.0,1024,12,10,100,3,21651
2015-12-27 12:00:00,20,11,0.0,8.7,4,87,08:25 PM,09:46 AM,08:22 AM,05:47 PM,16,20,20,20,33,41,79,0.0,1014,20,10,222,25,21651
2015-12-28 00:00:00,6,2,0.0,7.0,1,79,09:25 PM,10:26 AM,08:22 AM,05:48 PM,5,5,9,5,23,33,74,1.2,1021,9,9,260,12,21651
2015-12-28 12:00:00,6,2,0.0,7.0,1,79,09:25 PM,10:26 AM,08:22 AM,05:48 PM,-1,4,6,4,22,47,63,0.0,1017,6,10,281,15,21651
2015-12-29 00:00:00,14,3,0.0,7.0,4,72,10:23 PM,11:02 AM,08:22 AM,05:49 PM,-1,-1,3,-1,28,44,76,0.0,1019,3,10,216,16,21651
2015-12-29 12:00:00,14,3,0.0,7.0,4,72,10:23 PM,11:02 AM,08:22 AM,05:49 PM,10,12,14,12,13,59,79,0.2,1015,14,5,246,11,21651
2015-12-30 00:00:00,12,9,0.0,3.5,4,65,11:21 PM,11:35 AM,08:22 AM,05:49 PM,8,9,10,9,10,37,88,0.0,1023,10,10,56,6,21651
2015-12-30 12:00:00,12,9,0.0,3.5,4,65,11:21 PM,11:35 AM,08:22 AM,05:49 PM,8,10,12,10,12,99,79,0.0,1024,12,10,98,9,21651
2015-12-31 00:00:00,11,6,0.0,7.0,2,61,No moonrise,12:05 PM,08:23 AM,05:50 PM,10,9,11,9,21,80,93,0.0,1018,11,10,312,14,21651
2015-12-31 12:00:00,11,6,0.0,7.0,2,61,No moonrise,12:05 PM,08:23 AM,05:50 PM,5,8,11,8,15,68,65,0.0,1020,11,10,320,12,21651
