"isocode","country","year","population","city_population","ln_population","city_pop_share","total_land_area","ln_wpot","post","ln_wpot_post","ln_all","ln_nworld","ln_oworld","ln_spot","ln_silagemaize","ln_maize","ln_cassava","cont_africa","cont_asia","cont_europe","cont_oceania","legor_gbr","legor_fra","legor_soc","legor_deu","legor_sca","colony_esp","colony_gbr","colony_fra","colony_prt","colony_oeu","ln_rugged","ln_tropical","ln_elevation","ln_disteq","malaria","ln_dist_coast","roman","protestant","attrade","ln_export","ydum1000","ydum1100","ydum1200","ydum1300","ydum1400","ydum1500","ydum1600","ydum1700","ydum1750","ydum1800","ydum1850","ydum1900","wpot_lr_vs_mars","all_lr_vs_mars","ln_wpot_ver2","ln_wpot_ver3","lat","lon"
"AFG","Afghanistan",1800,3e+06,175000,14.9141235351562,0.058333333581686,63088,2.63905739784241,1,2.63905739784241,6.67582321166992,5.64190721511841,6.07993316650391,2.30258512496948,5.64190721511841,5.59842205047607,0,0,1,0,0,0,1,0,0,0,0,0,0,0,0,0.923523008823395,0,7.49527502059937,3.52144241333008,0.036671450402676,6.82811069488525,0,0,0,0,0,0,0,0,0,0,0,0,0,1,0,0,37,718,3.89182019233704,2.30258512496948,33.8331909179688,66.0255355834961
"AGO","Angola",1800,2e+06,0,14.5086584091187,0,123775,7.68432426452637,1,7.68432426452637,10.9311590194702,10.0855588912964,9.73583793640137,9.75927066802979,0,10.0855588912964,9.62832641601562,1,0,0,0,0,1,0,0,0,0,0,0,1,0,-0.152899622917175,10.9130964279175,6.96897602081299,2.50948691368103,3.48443070546066,6.06230592727661,0,0,0,13.6016778945923,0,0,0,0,0,0,0,0,0,1,0,0,6068,61367,8.53188514709473,7.52077627182007,-12.2986183166504,17.5509052276611
"ALB","Albania",1800,400000.005960464,0,12.8992223739624,0,2829,5.08759641647339,1,5.08759641647339,6.5072774887085,5.08759641647339,6.5072774887085,0,3.61091780662537,0,0,0,0,1,0,0,0,1,0,0,0,0,0,0,0,1.23170220851898,0,6.56016731262207,3.71704578399658,0.0135508265654695,3.88963270187378,0,0,0,0,0,0,0,0,0,0,0,0,0,1,0,0,347,272,5.61677122116089,5.3844952583313,41.1426734924316,20.0700588226318
"ARE","United Arab Emirates",1800,38399.014621973,0,10.5558128356934,0,7613,0,1,0,0,0,0,0,0,0,0,0,1,0,0,1,0,0,0,0,0,1,0,0,0,-0.262879222631454,0,4.82193756103516,3.17442941665649,0.00369278584313947,4.18575954437256,0,0,0,0,0,0,0,0,0,0,0,0,0,1,0,0,0,0,0,0,23.9131736755371,54.3308906555176
"ARM","Armenia",1800,169.182792888023,0,5.13687324523926,0,2970,4.8520302772522,1,4.8520302772522,5.23644208908081,4.8520302772522,4.77912330627441,0,0.6931471824646,0.6931471824646,0,0,1,0,0,0,0,1,0,0,0,0,0,0,0,0.988954603672028,0,7.52412748336792,3.69619464874268,0.00445063156361888,5.85615634918213,0,0,0,0,0,0,0,0,0,0,0,0,0,1,0,0,339,78,5.64544677734375,5.20400667190552,40.2936820983887,44.9381942749023
"AUS","Australia",1800,200000.002980232,0,12.2060775756836,0,766923,9.74349498748779,1,9.74349498748779,11.4085531234741,10.3792247772217,10.3966884613037,9.68414878845215,9.244065284729,10.3792247772217,8.83098125457764,0,0,0,1,1,0,0,0,0,0,1,0,0,0,-1.94256854057312,11.6314668655396,5.68218564987183,3.24775505065918,0.121368305163076,5.81920719146729,0,0,0,0,0,0,0,0,0,0,0,0,0,1,0,0,31082,90379,10.2898378372192,9.8963623046875,-25.7325057983398,134.486785888672
"AUT","Austria",1800,3e+06,231000,14.9141235351562,0.0769999995827675,8354,7.48605251312256,1,7.48605251312256,7.91826486587524,7.48605251312256,7.78613662719727,0,7.41397047042847,6.96129608154297,0,0,0,1,0,0,0,0,1,0,0,0,0,0,0,1.25652182102203,0,6.85232496261597,3.86259174346924,0.00165822397125647,5.49148225784302,0,0,0,0,0,0,0,0,0,0,0,0,0,1,0,0,2081,1798,7.75061464309692,7.45240259170532,47.5885276794434,14.1400337219238
"BDI","Burundi",1800,930695.652961731,0,13.743688583374,0,2815,4.12713432312012,1,4.12713432312012,6.44571971893311,5.37989711761475,5.68697547912598,4.79579067230225,0,4.07753753662109,5.37989711761475,1,0,0,0,0,1,0,0,0,0,0,0,0,1,0.576447188854218,7.66021251678467,7.37094640731812,1.21350109577179,1.52569104998651,6.80990934371948,0,0,0,2.48333239555359,0,0,0,0,0,0,0,0,0,1,0,0,270,586,5.25749540328979,5.13579845428467,-3.36524605751038,29.8865776062012
"BEL","Belgium",1800,3142206.1920166,170000,14.9604358673096,0.0541021153330803,3005,6.64509105682373,1,6.64509105682373,7.44190692901611,7.05098962783813,7.36010408401489,0,7.05098962783813,6.0935697555542,0,0,0,1,0,0,1,0,0,0,0,0,0,0,0,-0.9472736120224,0,5.05049657821655,3.9247772693634,0,4.73867654800415,1,0,0,0,0,0,0,0,0,0,0,0,0,1,0,0,1453,2104,7.09589338302612,7.06390380859375,50.6417999267578,4.66082954406738
"BEN","Benin",1800,694313.526153564,0,13.4506807327271,0,11790,0,1,0,9.10353469848633,8.93550872802734,8.7368106842041,8.52773761749268,0,8.93550872802734,8.02682399749756,1,0,0,0,0,1,0,0,0,0,0,1,0,0,-1.95799434185028,9.34966564178467,5.57981395721436,2.26691746711731,20.3911798132642,5.90889072418213,0,0,0,11.8191070556641,0,0,0,0,0,0,0,0,0,1,0,0,0,9484,0,0,9.64960861206055,2.33928418159485
"BFA","Burkina Faso",1800,1379159.45053101,0,14.1369857788086,0,27514,0,1,0,9.79188537597656,9.49604511260986,8.08394527435303,8.75794124603271,0,9.49604511260986,7.46049022674561,1,0,0,0,0,1,0,0,0,0,0,1,0,0,-1.44197058677673,9.52576923370361,5.68817710876465,2.50744366645813,31.6387067136462,6.60107326507568,0,0,0,11.3215303421021,0,0,0,0,0,0,0,0,0,1,0,0,0,17964,0,0,12.2735147476196,-1.74676358699799
"BGD","Bangladesh",1800,17916866.3024902,106000,16.7012538909912,0.0059162131510675,14003,0,1,0,8.78950786590576,7.77611541748047,8.52496337890625,7.77611541748047,6.20859003067017,7.18083143234253,7.58426475524902,0,1,0,0,1,0,0,0,0,0,1,0,0,0,-1.67980432510376,9.25994873046875,3.25673460960388,3.17171669006348,5.64972209787379,4.2774600982666,0,0,0,0,0,0,0,0,0,0,0,0,0,1,0,0,103,11345,4.6913480758667,0,23.8483905792236,90.2703018188477
"BGR","Bulgaria",1800,2e+06,46000,14.5086584091187,0.0230000000447035,11057,8.25738525390625,1,8.25738525390625,8.81611156463623,8.25738525390625,8.80131912231445,0,6.03068542480469,4.98360681533813,0,0,0,1,0,0,0,1,0,0,0,0,0,0,0,0.391687005758286,0,6.13799476623535,3.75572800636292,0.00603023951067484,5.01355504989624,0,0,0,0,0,0,0,0,0,0,0,0,0,1,0,0,4842,3861,8.68067169189453,8.22550296783447,42.7653465270996,25.2387447357178
"BIH","Bosnia and Herzegovina",1800,773386.538028717,0,13.5585355758667,0,5125,7.45356178283691,1,7.45356178283691,7.86326694488525,7.56682825088501,7.79358673095703,0,7.56682825088501,7.02731466293335,0,0,0,1,0,0,0,1,0,0,0,0,0,0,0,0.837888062000275,0,6.52734756469727,3.78816175460815,0.00634089671651713,4.76909208297729,0,0,0,0,0,0,0,0,0,0,0,0,0,1,0,0,2277,1179,7.70165252685547,7.63240098953247,44.1751251220703,17.7837886810303
"BLR","Belarus",1800,1936189.29386139,0,14.4762325286865,0,20615,9.39291191101074,1,9.39291191101074,9.64101791381836,9.39291191101074,9.4955940246582,0,9.38723087310791,8.33973979949951,0,0,0,1,0,0,0,1,0,0,0,0,0,0,0,-1.80606818199158,0,5.06070184707642,3.98047375679016,0.000125134468300997,6.395827293396,0,0,0,0,0,0,0,0,0,0,0,0,0,1,0,0,11743,17435,9.4589958190918,9.32767868041992,53.5423927307129,28.0536251068115
"BTN","Bhutan",1800,76436.9443058968,0,11.244234085083,0,4036,0.6931471824646,1,0.6931471824646,2.30258512496948,2.19722461700439,2.0794415473938,2.0794415473938,2.0794415473938,2.19722461700439,0,0,1,0,0,1,0,0,0,0,0,1,0,0,0,1.90806818008423,0,7.94577407836914,3.31115889549255,0.189293717484398,5.96530961990356,0,0,0,0,0,0,0,0,0,0,0,0,0,1,0,0,2,16,1.3862943649292,0,27.4168796539307,90.4347610473633
"BWA","Botswana",1800,101655.229926109,0,11.5293521881104,0,57485,0,1,0,8.42046165466309,7.52456140518188,7.32909393310547,4.40671920776367,0,7.52456140518188,0,1,0,0,0,1,0,0,0,0,0,1,0,0,0,-1.71102285385132,0,6.93783092498779,3.09959435462952,5.91386200177932,6.63976430892944,0,0,0,0,0,0,0,0,0,0,0,0,0,1,0,0,85,4282,4.45434713363647,0,-22.1889476776123,23.8143329620361
"CAF","Central African Republic",1800,481184.184551239,0,13.0840072631836,0,61857,0,1,0,10.6515493392944,10.4301671981812,10.4630174636841,10.4293098449707,0,9.56015205383301,10.4301671981812,1,0,0,0,0,1,0,0,0,0,0,1,0,0,-1.62460017204285,11.006067276001,6.37636470794678,1.88314127922058,17.9846791391941,6.98673295974731,0,0,0,6.87269353866577,0,0,0,0,0,0,0,0,0,1,0,0,0,46100,0,0,6.57412385940552,20.4869232177734
"CHE","Switzerland",1800,1750000,0,14.3751268386841,0,4111,6.83410882949829,1,6.83410882949829,6.93049478530884,6.83410882949829,6.85012626647949,0,6.65672636032104,5.15905523300171,0,0,0,1,0,0,0,0,1,0,0,0,0,0,0,1.5604944229126,0,7.18927812576294,3.84601449966431,0.000470107805729878,5.62983179092407,1,1,0,0,0,0,0,0,0,0,0,0,0,1,0,0,968,473,6.88857269287109,6.80350542068481,46.8061485290527,8.22645664215088
"CHN","China",1800,329770843.505859,5125000,19.6139087677002,0.0155410952866077,934949,10.490385055542,1,10.490385055542,11.6298818588257,11.1042804718018,10.7898759841919,9.90971851348877,11.1042804718018,10.7421407699585,5.96357917785645,0,1,0,0,0,0,1,0,0,0,0,0,0,0,0.630230486392975,7.94189596176147,7.5122389793396,3.59907007217407,0.284104961625747,6.89567184448242,0,0,0,0,0,0,0,0,0,0,0,0,0,1,0,0,73170,136669,11.1313724517822,10.6494169235229,36.5642204284668,103.836433410645
"CIV","Cote d'Ivoire",1800,867440.819740295,0,13.673303604126,0,32465,0,1,0,10.0043277740479,9.77012729644775,9.93333721160889,9.61913299560547,0,8.09498882293701,9.77012729644775,1,0,0,0,0,1,0,0,0,0,0,1,0,0,-1.49702382087708,10.3879489898682,5.59888362884521,2.03120827674866,19.9545662447681,5.65326833724976,0,0,0,9.94514942169189,0,0,0,0,0,0,0,0,0,1,0,0,0,24616,0,0,7.62329149246216,-5.55397176742554
"CMR","Cameroon",1800,1635424.01790619,0,14.3074131011963,0,46274,3.40119743347168,1,3.40119743347168,10.2443428039551,9.87632179260254,10.0163249969482,9.84971714019775,0,8.40178203582764,9.87632179260254,1,0,0,0,0,1,0,0,0,0,0,1,0,0,-0.663879990577698,10.6817569732666,6.48004579544067,1.73998868465424,13.033423539575,5.96682500839233,0,0,0,9.6236515045166,0,0,0,0,0,0,0,0,0,1,0,0,93,34232,4.20469284057617,3.66356158256531,5.69727897644043,12.7428951263428
"COG","Congo",1800,295751.452445984,0,12.5972776412964,0,34366,0,1,0,9.49536895751953,8.83010387420654,8.82834720611572,8.47762012481689,0,0,8.83010387420654,1,0,0,0,0,1,0,0,0,0,0,1,0,0,-1.88509082794189,10.4448518753052,6.05983209609985,-0.184620127081871,12.1530670364427,6.12708139419556,0,0,0,5.63595485687256,0,0,0,0,0,0,0,0,0,1,0,0,0,27517,0,0,-0.831420063972473,15.2455158233643
"CZE","Czech Republic",1800,4862881.18362427,77000,15.397141456604,0.0158342346549034,7833,8.10862350463867,1,8.10862350463867,8.61122989654541,8.10862350463867,8.51779270172119,0,7.97659540176392,5.82304573059082,0,0,0,1,0,0,0,1,0,0,0,0,0,0,0,-0.123641267418861,0,6.10120058059692,3.90679240226746,0.000274657182136474,6.05652761459351,0,1,0,0,0,0,0,0,0,0,0,0,0,1,0,0,4277,4070,8.46400356292725,8.06432151794434,49.7391471862793,15.3344745635986
"DEU","Germany",1800,1.8e+07,534000,16.705883026123,0.0296666659414768,35436,9.56556415557861,1,9.56556415557861,10.0262355804443,9.56556415557861,9.93139457702637,0,9.4956693649292,7.8800482749939,0,0,0,1,0,0,0,0,1,0,0,0,0,0,0,-0.515097618103027,0,5.56202745437622,3.93397116661072,0.000133388875862581,5.50809764862061,0,1,0,0,0,0,0,0,0,0,0,0,0,1,0,0,18193,20784,9.85681533813477,9.63128471374512,51.1095390319824,10.3923931121826
"DJI","Djibouti",1800,47287.080436945,0,10.7640132904053,0,2299,0,1,0,0,0,0,0,0,0,0,1,0,0,0,0,1,0,0,0,0,0,1,0,0,0.888657569885254,0,6.12202739715576,2.46258735656738,5.11834119099469,3.65104365348816,0,0,0,0.423366546630859,0,0,0,0,0,0,0,0,0,1,0,0,0,0,0,0,11.7351350784302,42.5798072814941
"DNK","Denmark",1800,1e+06,100000,13.8155117034912,0.100000001490116,4408,7.84502458572388,1,7.84502458572388,8.05102252960205,7.84502458572388,7.77863025665283,0,7.57250308990479,0,0,0,0,1,0,0,0,0,0,1,0,0,0,0,0,-1.66855335235596,0,3.40555453300476,4.02511739730835,0,3.00347971916199,0,1,0,0,0,0,0,0,0,0,0,0,0,1,0,0,2800,3463,8.04910755157471,7.88042640686035,55.9868927001953,10.0272397994995
"DZA","Algeria",1800,2500000,73000,14.7318019866943,0.0292000006884336,230452,6.07304430007935,1,6.07304430007935,7.58578872680664,6.07304430007935,7.53529691696167,0,6.04973363876343,6.04973363876343,0,1,0,0,0,0,1,0,0,0,0,0,1,0,0,-0.673833727836609,0,6.35067796707153,3.33819365501404,0.0127001304683552,6.62436866760254,0,0,0,9.56440734863281,0,0,0,0,0,0,0,0,0,1,0,0,1268,972,7.08422660827637,6.42162227630615,28.1681995391846,2.64738917350769
"EGY","Egypt",1800,3500000,186000,15.0682735443115,0.0531428568065166,98786,0,1,0,2.83321332931519,2.83321332931519,2.83321332931519,0,2.83321332931519,2.83321332931519,0,1,0,0,0,0,1,0,0,0,0,1,0,0,0,-0.324253857135773,0,5.69958591461182,3.27946734428406,2.57896006168598,5.7861647605896,0,0,0,5.06308078765869,0,0,0,0,0,0,0,0,0,1,0,0,0,0,0,0,26.5616226196289,29.7817783355713
"ERI","Eritrea",1800,174910.27712822,0,12.0720338821411,0,12116,0,1,0,5.81711101531982,3.95124363899231,3.85014748573303,0,0,3.95124363899231,0,1,0,0,0,0,1,0,0,0,0,1,0,0,0,0.908784329891205,0,6.65962648391724,2.73210120201111,4.20783577286447,4.65475702285767,0,0,0,0,0,0,0,0,0,0,0,0,0,1,0,0,8,497,2.30258512496948,0,15.3651390075684,38.848072052002
"ESH","Western Sahara",1800,3838.06158788502,0,8.25298309326172,0,26984,0,1,0,0,0,0,0,0,0,0,1,0,0,0,0,1,0,0,0,0,0,0,0,0,-1.5925145149231,0,5.60457229614258,3.20574760437012,0,5.00340270996094,0,0,0,0,0,0,0,0,0,0,0,0,0,1,0,0,0,0,0,0,24.6739368438721,-13.1380424499512
"ESP","Spain",1800,11500000,739000,16.2578582763672,0.064260870218277,50909,6.21059989929199,1,6.21059989929199,8.65154933929443,6.23636960983276,8.59729766845703,0,6.23636960983276,6.09582471847534,0,0,0,1,0,0,1,0,0,0,0,0,0,0,0,0.524224400520325,0,6.52489900588989,3.69462609291077,0.10747738057953,4.88636493682861,1,0,1,0,0,0,0,0,0,0,0,0,0,1,0,0,2923,3621,7.57763385772705,6.99668169021606,40.2305297851562,-3.6437656879425
"EST","Estonia",1800,275240.808725357,0,12.5254049301147,0,4493,7.1731915473938,1,7.1731915473938,7.53529691696167,7.1731915473938,7.41938066482544,0,6.44094657897949,0,0,0,0,1,0,0,0,1,0,0,0,0,0,0,0,-2.09859728813171,0,4.04811954498291,4.07198286056519,0,4.91114091873169,0,0,0,0,0,0,0,0,0,0,0,0,0,1,0,0,1409,2070,7.25063562393188,7.17395830154419,58.6731796264648,25.5494728088379
"ETH","Ethiopia",1800,2825089.69306946,0,14.8540506362915,0,112895,8.12118339538574,1,8.12118339538574,10.2397813796997,9.67438888549805,9.5079231262207,8.23323726654053,0,9.67438888549805,8.2761402130127,1,0,0,0,0,1,0,0,0,0,0,0,0,0,0.450824528932571,10.4119472503662,7.13770294189453,2.15430569648743,2.03005637458633,6.14713382720947,0,0,0,11.8727121353149,0,0,0,0,0,0,0,0,0,1,0,0,7135,26203,8.69047355651855,8.36240863800049,8.62190246582031,39.6358222961426
"FIN","Finland",1800,800000.011920929,0,13.5923681259155,0,33078,6.87523221969604,1,6.87523221969604,8.55101490020752,6.87523221969604,7.98922157287598,0,0,0,0,0,0,1,0,0,0,0,0,1,0,0,0,0,0,-1.11579406261444,0,5.08248519897461,4.16637802124023,0,5.78478860855103,0,1,0,0,0,0,0,0,0,0,0,0,0,1,0,0,6492,9627,9.03610610961914,7.51643323898315,64.4814758300781,26.2398624420166
"FJI","Fiji",1800,162.207230459899,0,5.09502077102661,0,1815,0,1,0,4.61512041091919,0,0,0,0,0,0,0,0,0,1,1,0,0,0,0,0,1,0,0,0,0.33356249332428,7.50439167022705,5.25877380371094,2.85917973518372,0,2.28258657455444,0,0,0,0,0,0,0,0,0,0,0,0,0,1,0,0,0,444,0,0,-17.4472103118896,161.987823486328
"FRA","France",1800,2.9e+07,1128000,17.1828060150146,0.0388965532183647,54550,9.61346912384033,1,9.61346912384033,10.3476285934448,9.61346912384033,10.2840795516968,0,9.106201171875,8.32700061798096,0,0,0,1,0,0,1,0,0,0,0,0,0,0,0,0.093202069401741,0,5.84281444549561,3.840744972229,0.00568272760654926,5.15329790115356,1,0,1,0,0,0,0,0,0,0,0,0,0,1,0,0,24722,28363,10.0331115722656,9.94625949859619,46.5601425170898,2.55128526687622
"GAB","Gabon",1800,171726.077795029,0,12.0536613464355,0,26486,0,1,0,9.40615367889404,8.57828807830811,9.0870418548584,8.24983692169189,0,0,8.57828807830811,1,0,0,0,0,1,0,0,0,0,0,1,0,0,-1.52552139759064,10.1844091415405,5.91106081008911,-0.473724633455276,11.2667485442859,5.27854871749878,0,0,0,5.69925594329834,0,0,0,0,0,0,0,0,0,1,0,0,0,19884,0,0,-0.622678697109222,11.7837409973145
"GBR","United Kingdom",1800,15116080.2841187,1498000,16.5312690734863,0.099099762737751,24418,8.13476085662842,1,8.13476085662842,9.26643753051758,8.16706848144531,9.22847461700439,0,8.16706848144531,0,0,0,0,1,0,1,0,0,0,0,0,0,0,0,0,-0.564923346042633,0,5.04041957855225,3.99176120758057,0,3.55989193916321,1,1,0,0,0,0,0,0,0,0,0,0,0,1,0,0,6811,14548,8.81433010101318,8.47156810760498,54.1501693725586,-2.90115547180176
"GHA","Ghana",1800,1815657.13882446,40000,14.411958694458,0.0220305919647217,24181,0,1,0,9.71625423431396,9.19766044616699,9.52471351623535,9.19766044616699,0,8.59544944763184,9.19034194946289,1,0,0,0,1,0,0,0,0,0,1,0,0,0,-1.48038876056671,10.0933637619019,5.22201681137085,2.07477641105652,23.2457591243239,5.64942646026611,0,0,0,13.3371391296387,0,0,0,0,0,0,0,0,0,1,0,0,0,16973,0,0,7.96276617050171,-1.20776760578156
"GIN","Guinea",1800,906931.757926941,0,13.7178239822388,0,24602,0,1,0,9.08228015899658,8.80177021026611,8.92731380462646,8.79603672027588,0,8.43272399902344,8.80177021026611,1,0,0,0,0,1,0,0,0,0,0,1,0,0,-0.301454037427902,10.1106233596802,6.11068439483643,2.34514546394348,16.0212257203175,5.57564401626587,0,0,0,11.7373924255371,0,0,0,0,0,0,0,0,0,1,0,0,0,12650,0,0,10.4347906112671,-10.9385948181152
"GMB","Gambia",1800,101706.869900227,0,11.5298595428467,0,1092,0,1,0,6.21059989929199,6.12905025482178,5.18178367614746,5.18738603591919,0,6.12905025482178,2.19722461700439,1,0,0,0,1,0,0,0,0,0,1,0,0,0,-1.0412255525589,6.88423538208008,3.20019316673279,2.5987229347229,16.2553176275999,3.98280906677246,0,0,0,8.30381488800049,0,0,0,0,0,0,0,0,0,1,0,0,0,770,0,0,13.4465560913086,-15.3882780075073
"GNB","Guinea-Bissau",1800,174804.180860519,0,12.0714273452759,0,3369,0,1,0,7.16317224502563,6.98286294937134,6.28971576690674,6.15697908401489,0,6.98286294937134,5.66296052932739,1,0,0,0,0,1,0,0,0,0,0,0,1,0,-0.711281418800354,8.12266826629639,3.60805988311768,2.48600149154663,11.2187595822099,3.83298230171204,0,0,0,10.1131610870361,0,0,0,0,0,0,0,0,0,1,0,0,0,2150,0,0,12.0131464004517,-14.9871282577515
"GNQ","Equatorial Guinea",1800,82580.8346271515,0,11.3215446472168,0,2681,0,1,0,7.04141187667847,3.49650764465332,6.08221912384033,3.04452252388,0,0,3.49650764465332,1,0,0,0,0,1,0,0,0,1,0,0,0,0,-0.580727458000183,7.89431810379028,6.18544912338257,0.532279431819916,14.4937516802196,4.25072383880615,0,0,0,0.722814917564392,0,0,0,0,0,0,0,0,0,1,0,0,0,1859,0,0,1.70280933380127,10.3345394134521
"GRC","Greece",1800,2250000,62000,14.6264410018921,0.0275555551052094,13243,7.0103120803833,1,7.0103120803833,8.3728609085083,7.0103120803833,8.36637020111084,0,5.96614694595337,5.96614694595337,0,0,1,0,0,0,1,0,0,0,0,0,0,0,0,1.13223469257355,0,6.17866849899292,3.66467380523682,0.0228663344392444,3.39713406562805,0,0,0,0,0,0,0,0,0,0,0,0,0,1,0,0,3379,1905,7.82524538040161,7.48042821884155,39.043399810791,22.9888172149658
"HRV","Croatia",1800,1118917.82283783,0,13.9278736114502,0,5678,7.06390380859375,1,7.06390380859375,8.11162853240967,7.69439268112183,7.99260663986206,0,7.69439268112183,7.48997068405151,0,0,0,1,0,0,0,1,0,0,0,0,0,0,0,0.237026318907738,0,5.72273874282837,3.8072395324707,0.0285362746025962,4.73247098922729,0,0,0,0,0,0,0,0,0,0,0,0,0,1,0,0,1846,2927,7.52994346618652,7.36137533187866,45.0259704589844,16.4191493988037
"HUN","Hungary",1800,3250000,54000,14.9941654205322,0.0166153851896524,9213,8.04076862335205,1,8.04076862335205,8.82069969177246,8.04076862335205,8.7872200012207,0,7.67832612991333,7.13568735122681,0,0,0,1,0,0,0,1,0,0,0,0,0,0,0,-1.06014358997345,0,4.99516153335571,3.85367631912231,0.0174766021230267,6.14845418930054,0,0,0,0,0,0,0,0,0,0,0,0,0,1,0,0,4456,7007,8.51939105987549,8.22174739837646,47.166145324707,19.4179134368896
"IDN","Indonesia",1800,14114789.9627686,148000,16.4627342224121,0.0104854553937912,189220,0,1,0,10.0763902664185,9.01396083831787,9.23249340057373,8.85680294036865,0,7.44775104522705,9.01396083831787,0,1,0,0,0,1,0,0,0,0,0,0,0,1,-0.0333551205694675,12.1490154266357,5.86633443832397,0.800144910812378,3.33480548809785,4.14103603363037,0,0,0,0,0,0,0,0,0,0,0,0,0,1,0,0,0,69263,0,0,-2.22586345672607,117.276847839355
"IND","India",1800,151988922.119141,2888000,18.8393173217773,0.0190013851970434,306140,5.14166355133057,1,5.14166355133057,12.0042934417725,11.6631717681885,10.3480453491211,10.9920330047607,10.4489755630493,11.6631717681885,10.3076181411743,0,1,0,0,1,0,0,0,0,0,1,0,0,0,0.0125726526603103,11.7015924453735,6.34455156326294,3.13008904457092,0.0929399908634249,6.01220178604126,0,0,0,0,0,0,0,0,0,0,0,0,0,1,0,0,4031,193300,8.33471202850342,5.54126358032227,22.8760147094727,79.6268768310547
"IRL","Ireland",1800,883918.881416321,218000,13.6921215057373,0.246628969907761,6933,4.02535152435303,1,4.02535152435303,7.73324584960938,4.02535152435303,7.67508172988892,0,2.83321332931519,0,0,0,0,1,0,1,0,0,0,0,0,0,0,0,0,-0.667468786239624,0,4.74390363693237,3.97369527816772,0,3.57036972045898,0,0,0,0,0,0,0,0,0,0,0,0,0,1,0,0,1021,4248,6.83303165435791,2.70805025100708,53.1806869506836,-8.15260791778564
"IRN","Iran",1800,6e+06,90000,15.6072702407837,0.0149999996647239,161601,1.3862943649292,1,1.3862943649292,7.05358552932739,5.50938844680786,6.54247188568115,0,5.50938844680786,5.50533151626587,0,0,1,0,0,0,1,0,0,0,0,0,0,0,0,0.894163310527802,0,7.13788080215454,3.48309850692749,0.0463888680067516,6.13455820083618,0,0,0,0,0,0,0,0,0,0,0,0,0,1,0,0,134,1615,4.38202667236328,1.7917594909668,32.5604553222656,54.3049926757812
"IRQ","Iraq",1800,1e+06,140000,13.8155117034912,0.140000000596046,43041,3.93182563781738,1,3.93182563781738,7.77821159362793,5.20948600769043,7.64300346374512,0,5.20948600769043,5.20948600769043,0,0,1,0,0,0,1,0,0,0,0,1,0,0,0,-0.39993742108345,0,5.70900344848633,3.49804878234863,0.162235614775112,6.12388610839844,0,0,0,0,0,0,0,0,0,0,0,0,0,1,0,0,81,2294,6.02102327346802,2.19722461700439,33.0508995056152,43.7651290893555
"ISL","Iceland",1800,50000.0007450581,0,10.8197984695435,0,10109,0,1,0,0,0,0,0,0,0,0,0,0,1,0,0,0,0,0,1,0,0,0,0,0,0.386945933103561,0,6.24032258987427,4.17423152923584,0,3.71878218650818,0,0,0,0,0,0,0,0,0,0,0,0,0,1,0,0,0,0,0,0,64.9898910522461,-18.5942249298096
"ISR","Israel",1800,229954.540729523,0,12.3456411361694,0,2179,5.14166355133057,1,5.14166355133057,6.04737234115601,5.14166355133057,6.03308629989624,0,4.24849510192871,0,0,0,1,0,0,1,0,0,0,0,0,1,0,0,0,0.533759117126465,0,5.6274995803833,3.4453010559082,0.0297181987683072,3.9672908782959,0,0,0,0,0,0,0,0,0,0,0,0,0,1,0,0,192,241,5.80513477325439,4.57471084594727,31.3527202606201,34.9668579101562
"ITA","Italy",1800,1.9e+07,1409559,16.7599487304688,0.0741873160004616,30314,8.41005325317383,1,8.41005325317383,9.32215023040771,8.41005325317383,9.29504871368408,0,8.00068473815918,7.60090255737305,0,0,0,1,0,0,1,0,0,0,0,0,0,0,0,0.899329781532288,0,6.27402210235596,3.75627875328064,0.0741723871020759,4.08472061157227,1,0,0,0,0,0,0,0,0,0,0,0,0,1,0,0,9745,8088,8.99305438995361,8.75935459136963,42.7888984680176,12.0750360488892
"JOR","Jordan",1800,200000.002980232,0,12.2060775756836,0,9006,0.6931471824646,1,0.6931471824646,3.29583692550659,0.6931471824646,3.29583692550659,0,0,0,0,0,1,0,0,0,1,0,0,0,0,1,0,0,0,0.0923455357551575,0,6.6527533531189,3.44200539588928,0.0631859271650227,5.2465672492981,0,0,0,0,0,0,0,0,0,0,0,0,0,1,0,0,31,9,3.49650764465332,0.6931471824646,31.2495632171631,36.7883453369141
"JPN","Japan",1800,2.8e+07,1838000,17.1477146148682,0.0656428560614586,37178,8.46104621887207,1,8.46104621887207,9.14013290405273,8.74097633361816,8.97220993041992,4.45434713363647,8.74097633361816,8.44955635070801,0,0,1,0,0,0,0,0,1,0,0,0,0,0,0,0.757263123989105,1.18768095970154,5.94887971878052,3.625408411026,0.00112572543418142,3.50425863265991,0,0,0,0,0,0,0,0,0,0,0,0,0,1,0,0,8003,7820,8.94871616363525,8.46568965911865,37.5400505065918,137.962966918945
"KAZ","Kazakhstan",1800,2298236.37008667,0,14.6476526260376,0,270282,0,1,0,8.01730728149414,6.52209281921387,7.59839916229248,0,6.52209281921387,6.38181591033936,0,0,1,0,0,0,0,1,0,0,0,0,0,0,0,-0.987577259540558,0,5.87807941436768,3.87494325637817,0.0151325216714192,7.69946813583374,0,0,0,0,0,0,0,0,0,0,0,0,0,1,0,0,6442,2699,7.12205982208252,3.63758611679077,48.1799659729004,67.3132171630859
"KEN","Kenya",1800,2500000,0,14.7318019866943,0,59440,7.16935014724731,1,7.16935014724731,9.40615367889404,8.30474185943604,8.44869995117188,6.5294189453125,0,8.30474185943604,7.66762590408325,1,0,0,0,1,0,0,0,0,0,1,0,0,0,-0.401866674423218,10.3199653625488,6.68592405319214,-0.627123415470123,4.52370215332817,6.01582908630371,0,0,0,9.10488510131836,0,0,0,0,0,0,0,0,0,1,0,0,3368,12798,8.05769443511963,7.58273839950562,0.534126043319702,37.8613891601562
"KGZ","Kyrgyzstan",1800,596588.551998138,0,13.2989845275879,0,19840,0,1,0,6.12249279022217,1.94591009616852,5.42934560775757,0,1.94591009616852,1.60943794250488,0,0,1,0,0,0,0,1,0,0,0,0,0,0,0,1.45565044879913,0,7.89546203613281,3.72483730316162,0.00789074609790294,7.55979490280151,0,0,0,0,0,0,0,0,0,0,0,0,0,1,0,0,3,455,1.3862943649292,0,41.4644813537598,74.5560607910156
"KHM","Cambodia",1800,2e+06,0,14.5086584091187,0,18197,0,1,0,9.16209506988525,8.5880241394043,8.97322463989258,8.5880241394043,0,7.06219148635864,8.53621101379395,0,1,0,0,0,0,1,0,0,0,0,1,0,0,-0.61585146188736,9.80906677246094,4.87584018707275,2.54218888282776,8.33579657137114,5.14036512374878,0,0,0,0,0,0,0,0,0,0,0,0,0,1,0,0,0,13257,0,0,12.7074565887451,104.921348571777
"KOR","Korea, Republic",1800,4946234.70306396,194000,15.414137840271,0.0392217524349689,9685,7.02820158004761,1,7.02820158004761,7.66996192932129,7.28413486480713,7.63288545608521,0,7.28413486480713,7.21081829071045,0,0,1,0,0,0,0,0,1,0,0,0,0,0,0,0.672725081443787,0,5.53067445755005,3.59335827827454,0.000811978747146923,3.75464153289795,0,0,0,0,0,0,0,0,0,0,0,0,0,1,0,0,2548,1937,7.48941230773926,7.26052236557007,36.3559646606445,127.806488037109
"KWT","Kuwait",1800,84011.1300349236,0,11.338716506958,0,1657,0,1,0,0,0,0,0,0,0,0,0,1,0,0,0,1,0,0,0,0,1,0,0,0,-1.40504801273346,0,4.77926111221313,3.37944054603577,0.128704314294641,3.71531701087952,0,0,0,0,0,0,0,0,0,0,0,0,0,1,0,0,0,0,0,0,29.3543434143066,47.6134719848633
"LAO","Lao People's Democratic Republic",1800,699999.988079071,0,13.458836555481,0,23001,0,1,0,8.2852611541748,8.06085586547852,8.15190982818604,8.06085586547852,0,6.41673231124878,7.8935718536377,0,1,0,0,0,0,1,0,0,0,0,1,0,0,0.937449514865875,9.44178676605225,6.51162528991699,2.9175078868866,2.66991759560752,5.59060096740723,0,0,0,0,0,0,0,0,0,0,0,0,0,1,0,0,84,5329,4.46590805053711,0,18.495138168335,103.774101257324
"LBN","Lebanon",1800,300000.011920929,0,12.6115407943726,0,1030,2.83321332931519,1,2.83321332931519,4.29045963287354,2.83321332931519,4.30406522750854,0,2.39789533615112,1.60943794250488,0,0,1,0,0,0,1,0,0,0,0,0,1,0,0,1.43438816070557,0,6.91600275039673,3.52407336235046,0.00975143537798161,3.32033824920654,0,0,0,0,0,0,0,0,0,0,0,0,0,1,0,0,45,26,3.7376697063446,3.09104251861572,33.9223213195801,35.8974456787109
"LBR","Liberia",1800,285316.050052643,0,12.5613565444946,0,9870,0,1,0,8.05801105499268,7.38025569915771,7.77821159362793,6.88243770599365,0,0,7.38025569915771,1,0,0,0,1,0,0,0,0,0,0,0,0,0,-1.33477318286896,9.19735622406006,5.50609350204468,1.86370122432709,15.7039059054506,4.57541990280151,0,0,0,6.3253002166748,0,0,0,0,0,0,0,0,0,1,0,0,0,7087,0,0,6.4475564956665,-9.30718421936035
"LBY","Libya",1800,5e+05,0,13.1223649978638,0,160950,4.45434713363647,1,4.45434713363647,6.91274261474609,5.78382539749146,6.46614456176758,0,5.78382539749146,5.71042680740356,0,1,0,0,0,0,1,0,0,0,0,0,0,0,1,-0.908040165901184,0,6.01617336273193,3.2973484992981,0.0388597828182998,6.21911811828613,0,0,0,7.97367238998413,0,0,0,0,0,0,0,0,0,1,0,0,410,547,5.73334121704102,5.03043794631958,27.0408477783203,18.0292415618896
"LKA","Sri Lanka",1800,1750000,0,14.3751268386841,0,6574,0,1,0,7.86172723770142,7.44366359710693,7.50052928924561,7.21817684173584,0,7.33432912826538,7.44366359710693,0,1,0,0,1,0,0,0,0,0,1,0,0,0,-0.430637001991272,8.79102993011475,5.26367712020874,2.03203630447388,0.0370379083044906,3.58757257461548,0,0,0,0,0,0,0,0,0,0,0,0,0,1,0,0,0,4041,0,0,7.62960720062256,80.7009811401367
"LSO","Lesotho",1800,74942.4993991852,0,11.2244901657104,0,3010,5.55682802200317,1,5.55682802200317,5.68357992172241,5.55682802200317,5.00394630432129,0,3.29583692550659,3.43398714065552,0,1,0,0,0,1,0,0,0,0,0,1,0,0,0,1.82488179206848,0,7.70526790618896,3.3871123790741,0,5.51063585281372,0,0,0,0,0,0,0,0,0,0,0,0,0,1,0,0,335,58,5.7714409828186,5.63835477828979,-29.5804138183594,28.2536201477051
"LTU","Lithuania",1800,641829.669475555,0,13.3720798492432,0,6449,8.30671882629395,1,8.30671882629395,8.50714302062988,8.34355354309082,8.47470283508301,0,8.34355354309082,0,0,0,0,1,0,0,0,1,0,0,0,0,0,0,0,-1.74287974834442,0,4.69504165649414,4.01342058181763,0,5.54985237121582,0,0,0,0,0,0,0,0,0,0,0,0,0,1,0,0,4167,5548,8.33543109893799,8.306471824646,55.3358345031738,23.904821395874
"LVA","Latvia",1800,487234.532833099,0,13.0965032577515,0,6334,8.33806610107422,1,8.33806610107422,8.53934574127197,8.38320446014404,8.47135829925537,0,8.38320446014404,0,0,0,0,1,0,0,0,1,0,0,0,0,0,0,0,-1.86775290966034,0,4.50993299484253,4.0404896736145,0,5.58409643173218,0,0,0,0,0,0,0,0,0,0,0,0,0,1,0,0,4255,5454,8.35585021972656,8.33830547332764,56.8541870117188,24.9313659667969
"MAR","Morocco",1800,2496161.93771362,128000,14.7302656173706,0.0512787252664566,39658,6.88038396835327,1,6.88038396835327,8.61250305175781,6.88038396835327,8.57054424285889,0,6.4645881652832,6.39692974090576,0,1,0,0,0,0,1,0,0,0,0,0,1,0,0,0.880690336227417,0,6.78126335144043,3.46202683448792,0.0647012015641554,5.10892915725708,0,0,0,0,0,0,0,0,0,0,0,0,0,1,0,0,2352,3736,8.11522197723389,6.89871454238892,31.8815269470215,-6.30156564712524
"MDA","Moldova",1800,585231.959819794,0,13.2797651290894,0,3331,6.65415239334106,1,6.65415239334106,7.50163459777832,6.65415239334106,7.36391353607178,0,5.736572265625,4.73619842529297,0,0,0,1,0,0,0,1,0,0,0,0,0,0,0,-0.224025890231133,0,4.94864511489868,3.8544921875,0.0063925929100031,5.28671312332153,0,0,0,0,0,0,0,0,0,0,0,0,0,1,0,0,1735,1404,7.35564088821411,7.21817684173584,47.2046356201172,28.468204498291
"MDG","Madagascar",1800,1500000,0,14.2209758758545,0,59159,6.27098846435547,1,6.27098846435547,9.99665927886963,9.30764865875244,9.24734687805176,9.11283779144287,0,9.30764865875244,8.58485221862793,1,0,0,0,0,1,0,0,0,0,0,1,0,0,0.156478807330132,10.5606727600098,6.34512138366699,2.96420931816101,5.06871227794428,4.47591924667358,0,0,0,10.2455139160156,0,0,0,0,0,0,0,0,0,1,0,0,2809,26115,7.40549564361572,6.83410882949829,-19.3793754577637,46.7003135681152
"MKD","Macedonia",1800,357357.382774353,0,12.7864942550659,0,2509,5.00394630432129,1,5.00394630432129,6.39692974090576,5.00394630432129,6.39692974090576,0,0,0,0,0,0,1,0,0,0,1,0,0,0,0,0,0,0,0.980021595954895,0,6.71455526351929,3.72810745239258,0.00340296315809085,4.91086435317993,0,0,0,0,0,0,0,0,0,0,0,0,0,1,0,0,650,350,6.22455835342407,5.84932470321655,41.6003074645996,21.7008724212646
"MLI","Mali",1800,1826184.98802185,0,14.4177398681641,0,124852,0,1,0,9.80961608886719,9.42843151092529,8.27868175506592,8.56655502319336,0,9.42843151092529,7.65112018585205,1,0,0,0,0,1,0,0,0,0,0,1,0,0,-1.91596794128418,9.58834075927734,5.78910160064697,2.85389733314514,29.939131949048,6.92220211029053,0,0,0,12.4107980728149,0,0,0,0,0,0,0,0,0,1,0,0,0,24262,0,0,17.3552913665771,-3.52441596984863
"MMR","Myanmar",1800,6e+06,175000,15.6072702407837,0.029166666790843,66490,5.14749431610107,1,5.14749431610107,9.74243831634521,9.12782764434814,9.55492210388184,9.12782764434814,4.55387687683105,7.74240207672119,8.81640815734863,0,1,0,0,0,0,1,0,0,0,1,0,0,0,0.686982989311218,10.4165725708008,6.37080955505371,3.05037593841553,6.15025978507518,5.66314125061035,0,0,0,0,0,0,0,0,0,0,0,0,0,1,0,0,1079,22877,7.02642679214478,5.59098720550537,21.1232833862305,96.5136108398438
"MNG","Mongolia",1800,600000.023841858,0,13.3046865463257,0,155100,0,1,0,2.7725887298584,0,2.7725887298584,0,0,0,0,0,1,0,0,0,0,1,0,0,0,0,0,0,0,0.0556130595505238,0,7.30569791793823,3.84666085243225,0.0027770729323121,7.4351692199707,0,0,0,0,0,0,0,0,0,0,0,0,0,1,0,0,79,0,0,0,46.8364105224609,103.070404052734
"MOZ","Mozambique",1800,2e+06,0,14.5086584091187,0,79894,5.57973003387451,1,5.57973003387451,10.8079690933228,10.4384002685547,10.2117443084717,10.108793258667,0,10.4384002685547,10.0531568527222,1,0,0,0,0,1,0,0,0,0,0,0,1,0,-0.490411043167114,11.1533918380737,5.89940547943115,2.84860849380493,11.2422081486735,5.35151624679565,0,0,0,10.9527521133423,0,0,0,0,0,0,0,0,0,1,0,0,2946,51608,7.59890031814575,5.68017244338989,-17.2637405395508,35.549243927002
"MRT","Mauritania",1800,379837.453365326,0,12.8475017547607,0,104383,0,1,0,6.16541767120361,4.21950769424438,2.56494927406311,0,0,4.21950769424438,0,1,0,0,0,0,1,0,0,0,0,0,1,0,0,-2.1636106967926,0,5.56928062438965,3.00885343551636,5.1984780664879,6.23757410049438,0,0,0,0,0,0,0,0,0,0,0,0,0,1,0,0,0,456,0,0,20.2641525268555,-10.3361663818359
"MWI","Malawi",1800,5e+05,0,13.1223649978638,0,11959,6.4118185043335,1,6.4118185043335,8.49678611755371,8.38274669647217,7.924072265625,7.6280312538147,0,8.38274669647217,6.88243770599365,1,0,0,0,1,0,0,0,0,0,1,0,0,0,0.0268561448901892,8.45356273651123,6.86172199249268,2.58145594596863,6.15571598445252,6.20854949951172,0,0,0,8.45912837982178,0,0,0,0,0,0,0,0,0,1,0,0,1358,5755,7.04141187667847,6.60934925079346,-13.2163677215576,34.301025390625
"MYS","Malaysia",1800,680769.026279449,0,13.4309797286987,0,32669,0,1,0,8.38503265380859,6.39191722869873,6.45047044754028,6.0776424407959,0,0,6.39191722869873,0,1,0,0,1,0,0,0,0,0,1,0,0,0,0.00869073253124952,10.3942127227783,5.67439460754395,1.33259046077728,1.56737469469874,4.06889343261719,0,0,0,0,0,0,0,0,0,0,0,0,0,1,0,0,0,11041,0,0,3.79085063934326,109.709129333496
"NAM","Namibia",1800,169425.383210182,0,12.0401735305786,0,81933,0,1,0,8.77121543884277,7.02464914321899,5.85220241546631,4.09434461593628,0,7.02464914321899,0,1,0,0,0,1,0,0,0,0,0,1,0,0,0,-0.090589202940464,0,6.99557256698608,3.09740614891052,3.88185562641845,5.72423839569092,0,0,0,0,0,0,0,0,0,0,0,0,0,1,0,0,81,6020,4.21950769424438,0,-22.1404495239258,17.2185840606689
"NER","Niger",1800,1211202.50225067,50000,14.0071249008179,0.0412812903523445,118254,0,1,0,8.69047355651855,7.0975489616394,4.75359010696411,4.04305124282837,0,7.0975489616394,0,1,0,0,0,0,1,0,0,0,0,0,1,0,0,-1.72445917129517,3.66334795951843,6.17343378067017,2.85785293579102,21.3196778599992,7.07945108413696,0,0,0,7.32393074035645,0,0,0,0,0,0,0,0,0,1,0,0,0,10671,0,0,17.4240760803223,9.40063571929932
"NGA","Nigeria",1800,11760437.0117188,240000,16.280252456665,0.0204074047505856,91207,3.89182019233704,1,3.89182019233704,10.8685302734375,10.2603921890259,10.2281398773193,10.0555219650269,0,10.2603921890259,9.82015991210938,1,0,0,0,1,0,0,0,0,0,1,0,0,0,-1.16357815265656,11.1121997833252,5.83977079391479,2.26023101806641,21.7062628627001,6.19803047180176,0,0,0,13.2204465866089,0,0,0,0,0,0,0,0,0,1,0,0,61,64237,4.20469284057617,3.63758611679077,9.58530330657959,8.09233283996582
"NLD","Netherlands",1800,2e+06,255000,14.5086584091187,0.127499997615814,3825,5.42053508758545,1,5.42053508758545,7.15461540222168,5.42934560775757,7.10742568969727,0,5.42934560775757,3.52636051177979,0,0,0,1,0,0,1,0,0,0,0,0,0,0,0,-3.31035757064819,0,2.3227972984314,3.95603489875793,0,3.75680136680603,1,1,1,0,0,0,0,0,0,0,0,0,0,1,0,0,525,2349,5.98393630981445,6.20253562927246,52.2497367858887,5.62079763412476
"NOR","Norway",1800,899999.976158142,0,13.710150718689,0,31808,5.88332223892212,1,5.88332223892212,6.00388717651367,5.88332223892212,5.48893785476685,0,3.36729574203491,0,0,0,0,1,0,0,0,0,0,1,0,0,0,0,0,0.879262983798981,0,6.32924795150757,4.16615343093872,0,3.99819922447205,0,1,0,0,0,0,0,0,0,0,0,0,0,1,0,0,502,283,6.3885612487793,5.3844952583313,64.4669876098633,14.0817270278931
"NPL","Nepal",1800,3923563.00354004,0,15.1825113296509,0,14725,1.3862943649292,1,1.3862943649292,7.17088842391968,6.85961484909058,6.59714555740356,6.65544033050537,6.85961484909058,6.85856485366821,0,0,1,0,0,1,0,0,0,0,0,0,0,0,0,1.61790502071381,0,7.65110969543457,3.34157252311707,0.0203361049865832,6.54860067367554,0,0,0,0,0,0,0,0,0,0,0,0,0,1,0,0,268,1757,5.36597585678101,2.19722461700439,28.2635345458984,83.9307708740234
"NZL","New Zealand",1800,200000.002980232,0,12.2060775756836,0,26617,5.89989757537842,1,5.89989757537842,8.19891452789307,7.2363395690918,8.12799549102783,0,7.2363395690918,4.67282867431641,0,0,0,0,1,1,0,0,0,0,0,1,0,0,0,0.712054967880249,0,6.17997264862061,3.73303604125977,0,3.68428230285645,0,0,0,0,0,0,0,0,0,0,0,0,0,1,0,0,1675,4981,7.15383386611938,6.49072360992432,-41.8058433532715,171.47770690918
"OMN","Oman",1800,300000.011920929,0,12.6115407943726,0,31009,0,1,0,0,0,0,0,0,0,0,0,1,0,0,0,1,0,0,0,0,1,0,0,0,0.103111371397972,0,5.63465261459351,3.02504801750183,0.00858553027186133,4.73543119430542,0,0,0,0,0,0,0,0,0,0,0,0,0,1,0,0,0,0,0,0,20.5949954986572,56.1036338806152
"PAK","Pakistan",1800,15094202.041626,0,16.529821395874,0,79847,5.17614984512329,1,5.17614984512329,8.28979015350342,7.86057090759277,7.51643323898315,5.06259489059448,7.86057090759277,7.50494194030762,0,0,1,0,0,1,0,0,0,0,0,1,0,0,0,0.667071282863617,0,6.92051124572754,3.40018558502197,0.0477112178452982,6.37999439239502,0,0,0,0,0,0,0,0,0,0,0,0,0,1,0,0,856,3854,6.70808410644531,5.74939298629761,29.9696636199951,69.3954620361328
"PHL","Philippines",1800,2500000,77000,14.7318019866943,0.030799999833107,29331,0,1,0,8.86375713348389,8.45212078094482,8.56731605529785,8.45212078094482,0,6.40191698074341,8.35913467407227,0,1,0,0,0,1,0,0,0,1,0,0,0,0,0.707076072692871,10.2761087417603,5.77544403076172,2.46294093132019,1.43793066517845,3.02368402481079,0,0,0,0,0,0,0,0,0,0,0,0,0,1,0,0,10,9478,1.60943794250488,1.0986123085022,11.7392854690552,122.868110656738
"PNG","Papua New Guinea",1800,1009.24307480454,0,6.91794633865356,0,46648,0,1,0,8.35373306274414,6.64248657226562,7.36644506454468,6.53233432769775,0,0,6.64248657226562,0,0,0,1,1,0,0,0,0,0,1,0,0,0,0.463414698839188,10.7504072189331,6.44849348068237,1.8681777715683,8.37029439867546,4.28134202957153,0,0,0,0,0,0,0,0,0,0,0,0,0,1,0,0,0,15404,0,0,-6.47648429870605,145.25244140625
"POL","Poland",1800,9e+06,180000,16.0127353668213,0.0199999995529652,30983,9.51635360717773,1,9.51635360717773,9.91798210144043,9.51635360717773,9.65226554870605,0,9.32963371276855,8.32554817199707,0,0,0,1,0,0,0,1,0,0,0,0,0,0,0,-1.21489238739014,0,5.15692138671875,3.95363306999207,0.000230113638944653,5.64728307723999,0,1,0,0,0,0,0,0,0,0,0,0,0,1,0,0,16132,25775,9.84728717803955,9.5402193069458,52.1243934631348,19.4007701873779
"PRK","Korea, Democratic People's Republic",1800,2553765.29693604,68000,14.7530794143677,0.0266273487359285,12443,7.40184164047241,1,7.40184164047241,7.66152715682983,7.45703220367432,7.57455825805664,0,7.45703220367432,7.37838363647461,0,0,1,0,0,0,0,1,0,0,0,0,0,0,0,0.924524307250977,0,6.36547803878784,3.69245076179504,0.000428775845707132,4.16763257980347,0,0,0,0,0,0,0,0,0,0,0,0,0,1,0,0,2575,1473,7.59236621856689,7.56889581680298,40.1431083679199,127.173606872559
"PRT","Portugal",1800,2750000,304000,14.827112197876,0.110545456409454,8780,7.63578701019287,1,7.63578701019287,8.03073501586914,7.63578701019287,7.99125385284424,0,4.62497282028198,2.89037179946899,0,0,0,1,0,0,1,0,0,0,0,0,0,0,0,0.26577490568161,0,5.78858041763306,3.67865872383118,0.0541975074193848,4.28752660751343,1,0,1,0,0,0,0,0,0,0,0,0,0,1,0,0,2885,1826,8.0320348739624,7.710205078125,39.5932502746582,-8.53129577636719
"QAT","Qatar",1800,13794.9306517839,0,9.53212928771973,0,1107,0,1,0,0,0,0,0,0,0,0,0,1,0,0,0,1,0,0,0,0,1,0,0,0,-1.71016848087311,0,3.24709749221802,3.23050928115845,0.00271771676116472,2.74353218078613,0,0,0,0,0,0,0,0,0,0,0,0,0,1,0,0,0,0,0,0,25.292537689209,51.1985626220703
"ROU","Romania",1800,5500000,0,15.5202589035034,0,23593,8.8362283706665,1,8.8362283706665,9.53285884857178,8.8362283706665,9.43851089477539,0,8.62550926208496,7.75619554519653,0,0,0,1,0,0,0,1,0,0,0,0,0,0,0,0.236348986625671,0,5.98241853713989,3.82522654533386,0.00458069019704499,5.90702867507935,0,0,0,0,0,0,0,0,0,0,0,0,0,1,0,0,9768,10109,9.27762508392334,8.87038230895996,45.843189239502,24.985860824585
"RUS","Russian Federation",1800,25749185.5621338,509000,17.0639133453369,0.0197676159441471,1674146,11.8902997970581,1,11.8902997970581,12.191577911377,11.8902997970581,12.0635814666748,0,11.3871812820435,9.57324600219727,0,0,0,1,0,0,0,1,0,0,0,0,0,0,0,-0.062186986207962,0,5.93843603134155,4.1269793510437,0.00890115685097197,7.51859283447266,0,0,0,0,0,0,0,0,0,0,0,0,0,1,0,0,215330,235993,12.2392950057983,12.0479679107666,61.9903984069824,96.7112731933594
"RWA","Rwanda",1800,819304.227828979,0,13.6162118911743,0,2450,0,1,0,4.85981225967407,4.36944770812988,4.17438745498657,4.1588830947876,0,2.7725887298584,4.36944770812988,1,0,0,0,0,1,0,0,0,0,0,0,0,1,1.19676959514618,7.43162488937378,7.44489145278931,0.69450831413269,0.426129597919159,6.8531289100647,0,0,0,0,0,0,0,0,0,0,0,0,0,1,0,0,3,156,2.30258512496948,0,-2.00272417068481,29.9228191375732
"SAU","Saudi Arabia",1800,2e+06,0,14.5086584091187,0,195304,0,1,0,0,0,0,0,0,0,0,0,1,0,0,1,0,0,0,0,0,0,0,0,0,-0.0899811685085297,0,6.46610355377197,3.18210101127625,0.00230310884887802,5.72000789642334,0,0,0,0,0,0,0,0,0,0,0,0,0,1,0,0,0,0,0,0,24.0973281860352,44.5619735717773
"SDN","Sudan",1800,5e+06,0,15.4249486923218,0,248838,0,1,0,11.1636657714844,10.5987577438354,10.0997943878174,10.1692686080933,0,10.5987577438354,9.9618034362793,1,0,0,0,1,0,0,0,0,0,1,0,0,0,-0.817435383796692,10.8485450744629,6.2778525352478,2.63096284866333,18.9971852473872,6.82165575027466,0,0,0,11.2636785507202,0,0,0,0,0,0,0,0,0,1,0,0,0,84174,0,0,13.8871355056763,30.0899467468262
"SEN","Senegal",1800,880791.425704956,0,13.6885776519775,0,19510,0,1,0,9.09504127502441,8.42332172393799,6.55393362045288,7.63288545608521,0,8.42332172393799,4.98360681533813,1,0,0,0,0,1,0,0,0,0,0,1,0,0,-1.40999281406403,8.82896900177002,3.95653796195984,2.66454982757568,15.9280107351558,5.10922384262085,0,0,0,11.1568937301636,0,0,0,0,0,0,0,0,0,1,0,0,0,11485,0,0,14.3614826202393,-14.4744749069214
"SLB","Solomon Islands",1800,50.3993978782091,0,3.93962645530701,0,2802,0,1,0,5.01063537597656,1.7917594909668,2.39789533615112,1.7917594909668,0,0,0,0,0,0,1,1,0,0,0,0,0,1,0,0,0,0.431544005870819,7.93844556808472,5.48889827728271,2.1855297088623,4.32950520569273,1.50054538249969,0,0,0,0,0,0,0,0,0,0,0,0,0,1,0,0,0,530,0,0,-8.89535903930664,159.601058959961
"SLE","Sierra Leone",1800,673206.508159637,0,13.4198093414307,0,7203,0,1,0,8.07309150695801,7.72001791000366,7.9398717880249,7.71824073791504,0,6.17378616333008,7.72001791000366,1,0,0,0,1,0,0,0,0,0,1,0,0,0,-0.696303188800812,8.88239192962646,5.3149242401123,2.14718413352966,18.8089419280976,4.6138744354248,0,0,0,9.4181547164917,0,0,0,0,0,0,0,0,0,1,0,0,0,4071,0,0,8.56071758270264,-11.7910308837891
"SOM","Somalia",1800,898454.487323761,0,13.7084321975708,0,64448,0,1,0,6.63594675064087,5.52942895889282,5.47646331787109,0,0,5.52942895889282,0,1,0,0,0,1,0,0,0,0,0,0,0,0,1,-0.4304358959198,0,6.04208135604858,1.80187201499939,8.62269109820639,4.84771347045898,0,0,0,8.08226299285889,0,0,0,0,0,0,0,0,0,1,0,0,1,1720,0.6931471824646,0,6.06098318099976,45.8672790527344
"SVK","Slovakia",1800,1887118.69716644,0,14.4505624771118,0,4815,7.14282751083374,1,7.14282751083374,7.76472043991089,7.14282751083374,7.62315320968628,0,6.897705078125,6.17586708068848,0,0,0,1,0,0,0,1,0,0,0,0,0,0,0,0.444512397050858,0,6.09924745559692,3.88581395149231,0.00233802881185638,6.31974697113037,0,0,0,0,0,0,0,0,0,0,0,0,0,1,0,0,1626,1566,7.59488439559937,7.08924293518066,48.7065658569336,19.4870128631592
"SVN","Slovenia",1800,428089.85710144,0,12.9670906066895,0,2004,6.56807804107666,1,6.56807804107666,6.8617115020752,6.66440916061401,6.69084215164185,0,6.66440916061401,6.04973363876343,0,0,0,1,0,0,0,1,0,0,0,0,0,0,0,0.914610385894775,0,6.32998895645142,3.83106446266174,0.00561500899659188,4.52195310592651,0,0,0,0,0,0,0,0,0,0,0,0,0,1,0,0,822,507,6.76272964477539,6.4922399520874,46.1115989685059,14.8229284286499
"SWE","Sweden",1800,2500000,75000,14.7318019866943,0.0299999993294477,44358,8.13476085662842,1,8.13476085662842,8.74193572998047,8.13476085662842,8.54927349090576,0,7.39878606796265,0,0,0,0,1,0,0,0,0,0,1,0,0,0,0,0,-0.334815502166748,0,5.7652792930603,4.1395845413208,0,5.41346979141235,0,1,0,0,0,0,0,0,0,0,0,0,0,1,0,0,7031,6465,8.8502311706543,8.56178379058838,62.7767219543457,16.7593116760254
"SWZ","Swaziland",1800,27875.9114444256,0,10.2355537414551,0,1770,4.14313459396362,1,4.14313459396362,6.2324481010437,5.69035959243774,5.17048406600952,4.18965482711792,0,5.69035959243774,1.7917594909668,1,0,0,0,1,0,0,0,0,0,1,0,0,0,1.11934959888458,3.94946980476379,6.44538450241089,3.27958369255066,3.57533380865722,4.73701238632202,0,0,0,0,0,0,0,0,0,0,0,0,0,1,0,0,183,148,5.06259489059448,4.36944770812988,-26.5647087097168,31.5014915466309
"SYR","Syria",1800,1250000,162000,14.0386552810669,0.129600003361702,18603,4.96981334686279,1,4.96981334686279,7.46965408325195,5.11198759078979,7.4529824256897,0,5.11198759078979,5.01727962493896,0,0,1,0,0,0,1,0,0,0,0,0,1,0,0,-0.280298709869385,0,6.25376510620117,3.5557496547699,0.0514879121305736,5.50163602828979,0,0,0,0,0,0,0,0,0,0,0,0,0,1,0,0,475,1283,6.0063533782959,5.26269006729126,35.0140571594238,38.4976615905762
"TCD","Chad",1800,1332775.1159668,0,14.1027746200562,0,128075,0,1,0,10.1729803085327,9.82951831817627,9.0189380645752,8.74432849884033,0,9.82951831817627,8.42266273498535,1,0,0,0,0,1,0,0,0,0,0,1,0,0,-0.868767738342285,9.75148105621338,6.24287748336792,2.73208570480347,21.5598509426785,7.13520431518555,0,0,0,11.3656206130981,0,0,0,0,0,0,0,0,0,1,0,0,0,33003,0,0,15.3648986816406,18.6666030883789
"TGO","Togo",1800,460234.522819519,0,13.039493560791,0,5720,0,1,0,8.26126861572266,7.71601533889771,8.06714916229248,7.71601533889771,0,7.41034698486328,7.61825132369995,1,0,0,0,0,1,0,0,0,0,0,1,0,0,-1.27203571796417,8.65189933776855,5.5541844367981,2.14340305328369,21.8317347528709,5.57733058929443,0,0,0,11.5817070007324,0,0,0,0,0,0,0,0,0,1,0,0,0,4050,0,0,8.52841186523438,0.977211713790894
"THA","Thailand",1800,3e+06,45000,14.9141235351562,0.0149999996647239,51603,0,1,0,9.9892520904541,9.63076019287109,9.69566345214844,9.63076019287109,0,9.0436954498291,9.61099433898926,0,1,0,0,1,0,0,0,0,0,0,0,0,0,0.0495443642139435,10.8468008041382,5.65275812149048,2.71517658233643,6.45542007687549,5.26802062988281,0,0,0,0,0,0,0,0,0,0,0,0,0,1,0,0,33,29296,4.40671920776367,0,15.1072769165039,101.017845153809
"TJK","Tajikistan",1800,525101.482868195,0,13.1713485717773,0,14277,1.60943794250488,1,1.60943794250488,7.02908754348755,4.33073329925537,6.68710851669312,0,4.33073329925537,4.33073329925537,0,0,1,0,0,0,0,1,0,0,0,0,0,0,0,1.66785538196564,0,7.99843740463257,3.65136456489563,0.0259588931110406,7.31704330444336,0,0,0,0,0,0,0,0,0,0,0,0,0,1,0,0,74,997,4.34380531311035,2.56494927406311,38.5271987915039,71.038330078125
"TKM","Turkmenistan",1800,415212.571620941,0,12.9365482330322,0,46904,0,1,0,4.31748819351196,3.21887588500977,2.0794415473938,0,3.21887588500977,3.21887588500977,0,0,1,0,0,0,0,1,0,0,0,0,0,0,0,-1.25890183448792,0,5.29223537445068,3.66852784156799,0.0515590356620997,7.16039800643921,0,0,0,0,0,0,0,0,0,0,0,0,0,1,0,0,0,3,0,0,39.1941604614258,59.1775016784668
"TLS","Timor-Leste",1800,67742.645740509,0,11.1234855651855,0,1448,0,1,0,6.47389078140259,6.33505439758301,6.29526615142822,6.33505439758301,0,6.03787088394165,6.04500532150269,0,1,0,0,0,1,0,0,0,0,0,0,0,0,0.615042746067047,7.27862882614136,6.2450065612793,2.17776393890381,0.207862376657894,2.61951875686646,0,0,0,0,0,0,0,0,0,0,0,0,0,1,0,0,0,396,0,0,-8.82654666900635,125.857803344727
"TUN","Tunisia",1800,800000.011920929,90000,13.5923681259155,0.112499997019768,15342,5.64897441864014,1,5.64897441864014,7.12528324127197,6.20253562927246,7.05875825881958,0,6.20253562927246,6.20253562927246,0,1,0,0,0,0,1,0,0,0,0,0,1,0,0,-0.31970688700676,0,5.53454780578613,3.52989172935486,0.127394882898837,4.74098300933838,0,0,0,0,0,0,0,0,0,0,0,0,0,1,0,0,735,719,6.72982406616211,5.66988086700439,34.1202735900879,9.57859420776367
"TUR","Turkey",1800,9500000,873000,16.0668029785156,0.0918947383761406,77823,7.42714405059814,1,7.42714405059814,9.79031848907471,7.42714405059814,9.57817268371582,0,6.95844841003418,6.80016994476318,0,0,1,0,0,0,1,0,0,0,0,0,0,0,0,0.963248074054718,0,7.03874588012695,3.66513442993164,0.0178444178830596,5.02930498123169,0,0,0,0,0,0,0,0,0,0,0,0,0,1,0,0,7324,10216,8.45765590667725,8.01035976409912,39.0613899230957,35.1736450195312
"TZA","Tanzania",1800,3e+06,0,14.9141235351562,0,93819,8.07620429992676,1,8.07620429992676,10.8621282577515,10.5106134414673,9.86162376403809,10.0470685958862,0,10.5106134414673,10.0278272628784,1,0,0,0,1,0,0,0,0,0,1,0,0,0,-0.389417320489883,11.3246421813965,6.92615365982056,1.83506095409393,7.46505007394233,6.04221343994141,0,0,0,11.140983581543,0,0,0,0,0,0,0,0,0,1,0,0,6168,47680,8.58522605895996,8.10982608795166,-6.26551628112793,34.8255500793457
"UGA","Uganda",1800,2500000,0,14.7318019866943,0,24219,2.70805025100708,1,2.70805025100708,9.29486560821533,9.05788803100586,8.9528636932373,8.77291965484619,0,7.54062175750732,9.05788803100586,1,0,0,0,1,0,0,0,0,0,1,0,0,0,-0.0907602161169052,10.0725116729736,7.06571865081787,0.248089581727982,7.56531986338122,6.813072681427,0,0,0,6.13601303100586,0,0,0,0,0,0,0,0,0,1,0,0,45,10831,3.68887948989868,3.36729574203491,1.28157472610474,32.3884696960449
"UKR","Ukraine",1800,9324117.66052246,42000,16.0481147766113,0.00450444780290127,59512,9.95617485046387,1,9.95617485046387,10.5272045135498,9.95617485046387,10.459210395813,0,9.73180961608887,9.37915420532227,0,0,0,1,0,0,0,1,0,0,0,0,0,0,0,-0.87745463848114,0,5.18757820129395,3.89200186729431,0.0218602156180363,5.90237188339233,0,0,0,0,0,0,0,0,0,0,0,0,0,1,0,0,32535,42554,10.3569803237915,10.2153739929199,49.0088920593262,31.4107418060303
"UZB","Uzbekistan",1800,2164861.20223999,70000,14.5878677368164,0.0323346368968487,44519,0,1,0,7.82164335250854,5.66296052932739,7.65586423873901,0,5.66296052932739,5.66296052932739,0,0,1,0,0,0,0,1,0,0,0,0,0,0,0,-0.642570734024048,0,5.90206384658813,3.72890472412109,0.0483089456080095,7.40631675720215,0,0,0,0,0,0,0,0,0,0,0,0,0,1,0,0,104,3055,4.61512041091919,0,41.633487701416,63.340892791748
"VNM","Viet Nam",1800,4e+06,110000,15.2018051147461,0.0274999998509884,33391,0,1,0,8.84764766693115,8.2374792098999,8.5008602142334,8.2374792098999,6.0867748260498,5.69035959243774,8.01367378234863,0,1,0,0,0,0,1,0,0,0,0,1,0,0,0.719712197780609,9.845778465271,5.98071241378784,2.81201863288879,6.43427177156665,4.72567081451416,0,0,0,0,0,0,0,0,0,0,0,0,0,1,0,0,11,12429,2.56494927406311,0,16.643482208252,106.306442260742
"YEM","Yemen",1800,2500000,0,14.7318019866943,0,42328,0,1,0,0,0,0,0,0,0,0,0,1,0,0,0,1,0,0,0,0,1,0,0,0,0.842908084392548,0,6.84854888916016,2.76401162147522,0.591886165745201,5.00352764129639,0,0,0,0,0,0,0,0,0,0,0,0,0,1,0,0,0,0,0,0,15.863353729248,47.5796089172363
"YUG","Serbia and Montenegro",1800,2072248.4588623,0,14.5441455841064,0,10159,8.06054019927979,1,8.06054019927979,8.57697010040283,8.06054019927979,8.49882507324219,0,7.79893350601196,7.00306558609009,0,0,0,1,0,0,0,1,0,0,0,0,0,0,0,0.514756083488464,0,6.29201221466064,3.78113555908203,0.008281338579258,5.46939182281494,0,0,0,0,0,0,0,0,0,0,0,0,0,1,0,0,4208,3593,8.38685703277588,8.11850547790527,43.8658218383789,20.5985946655273
"ZAF","South Africa",1800,1397181.63013458,0,14.1499681472778,0,122230,8.40938568115234,1,8.40938568115234,9.59342384338379,8.7061595916748,8.97043228149414,6.33150196075439,7.90617895126343,8.7061595916748,5.35658645629883,1,0,0,0,1,0,0,0,0,0,1,0,0,0,0.56562876701355,5.39389419555664,6.94294548034668,3.36741733551025,0.93810474517265,5.72581052780151,0,0,0,5.0180401802063,0,0,0,0,0,0,0,0,0,1,0,0,8619,6123,9.008713722229,8.68236827850342,-29.0035247802734,25.0935878753662
"ZAR","Congo, Democratic Republic",1800,5333333.49227905,0,15.4894876480103,0,233470,5.72684764862061,1,5.72684764862061,11.4803400039673,11.046594619751,11.0762634277344,10.8894166946411,0,9.26293277740479,11.046594619751,1,0,0,0,0,1,0,0,0,0,0,0,0,1,-0.813441812992096,12.3081083297729,6.54689121246338,1.05753529071808,12.2439994091878,6.9246506690979,0,0,0,12.1975145339966,0,0,0,0,0,0,0,0,0,1,0,0,485,170531,6.57646942138672,5.07517385482788,-2.87926554679871,23.6575584411621
"ZMB","Zambia",1800,5e+05,0,13.1223649978638,0,74837,7.41216039657593,1,7.41216039657593,10.6344604492188,10.3487501144409,9.74864482879639,9.51133346557617,0,10.3487501144409,9.00638675689697,1,0,0,0,1,0,0,0,0,0,1,0,0,0,-0.630015075206757,9.45895004272461,7.03066349029541,2.59954071044922,5.69462975252612,6.80298137664795,0,0,0,7.90209054946899,0,0,0,0,0,0,0,0,0,1,0,0,4093,54111,8.22871112823486,7.33628559112549,-13.4575548171997,27.7942905426025
"ZWE","Zimbabwe",1800,250000,0,12.429220199585,0,38940,4.83628177642822,1,4.83628177642822,9.63167858123779,9.19125938415527,6.51767110824585,5.59098720550537,0,9.19125938415527,0,1,0,0,0,1,0,0,0,0,0,1,0,0,0,0.177594780921936,8.09323406219482,6.88158988952637,2.94445371627808,3.96706684730521,6.21478033065796,0,0,0,5.84385013580322,0,0,0,0,0,0,0,0,0,1,0,0,532,13244,5.75257253646851,5.26269006729126,-19.000280380249,29.8687610626221
